"StartDate","EndDate","Status","IPAddress","Progress","Duration (in seconds)","Finished","RecordedDate","ResponseId","RecipientLastName","RecipientFirstName","RecipientEmail","ExternalReference","LocationLatitude","LocationLongitude","DistributionChannel","UserLanguage","consentQ","PID","age","gender","gender_4_TEXT","S_M_R_1","S_M_R_2","S_M_R_3","S_M_R_4","S_M_M_1","J_ND1_R_1","J_ND1_R_2","J_ND1_R_3","J_ND1_R_4","J_ND1_M_1","C_ND2_R_1","C_ND2_R_2","C_ND2_R_3","C_ND2_R_4","C_ND2_M_1","F_M_R_1","F_M_R_2","F_M_R_3","F_M_R_4","F_M_M_1","A_M_R_1","A_M_R_2","A_M_R_3","A_M_R_4","A_M_M_1","R_M_R_1","R_M_R_2","R_M_R_3","R_M_R_4","R_M_M_1","attn_chk_1Q","attn_chk_2_Q"
2022-03-13 10:05:45,2022-03-13 10:10:46,"Survey Preview",NA,100,300,TRUE,2022-03-13 10:10:47,"R_3nCT01pg6FB1LCz",NA,NA,NA,NA,53.3381958007813,-6.25909423828125,"preview","EN","Yes","id",32,"Male",NA,5,6,5,5,72,5,6,6,6,56,6,7,7,6,59,6,5,6,6,60,5,6,5,6,56,7,7,7,6,56,"None of the above","Soccer"
2022-03-13 10:25:35,2022-03-13 10:27:24,"IP Address","138.219.173.138",100,109,TRUE,2022-03-13 10:27:26,"R_6gUfokV3npy4RuV",NA,NA,NA,NA,37.4792022705078,-121.164398193359,"anonymous","EN","Yes","A1WLOHD4PAJ0JT",51,"Female",NA,7,7,7,7,89,7,7,7,7,75,7,7,7,7,66,7,7,7,7,84,7,7,7,7,89,7,7,7,7,90,"Happy","Baseball"
2022-03-13 10:25:46,2022-03-13 10:27:27,"IP Address","71.59.101.142",100,100,TRUE,2022-03-13 10:27:28,"R_2b1abPYePcvkl2p",NA,NA,NA,NA,40.0054931640625,-74.9979019165039,"anonymous","EN","Yes","AKMIORNF40ST7",46,"Male",NA,6,6,6,6,55,5,5,5,5,55,5,5,5,5,55,5,5,5,5,54,5,5,5,5,57,5,5,5,5,55,"None of the above","Basketball"
2022-03-13 10:25:51,2022-03-13 10:27:49,"IP Address","67.189.129.240",100,117,TRUE,2022-03-13 10:27:49,"R_bx6eG6CWzzm9laV",NA,NA,NA,NA,41.4098052978516,-73.5899963378906,"anonymous","EN","Yes","AGDJB8B8CDZ71",35,"Male",NA,4,4,4,4,50,4,4,4,4,50,4,4,4,4,50,4,4,4,4,50,4,4,4,4,50,4,4,4,4,50,"None of the above","Soccer"
2022-03-13 10:26:01,2022-03-13 10:27:58,"IP Address","98.52.126.65",100,116,TRUE,2022-03-13 10:28:00,"R_1gvhSQrAumF51x5",NA,NA,NA,NA,42.1844940185547,-88.3265991210937,"anonymous","EN","Yes","A204Q4T20BP8V",41,"Male",NA,5,5,5,5,60,4,4,4,4,50,4,4,4,4,50,5,5,5,5,60,5,5,5,5,60,5,5,5,5,60,"None of the above","Soccer"
2022-03-13 10:26:01,2022-03-13 10:28:05,"IP Address","23.84.70.4",100,124,TRUE,2022-03-13 10:28:07,"R_1ILCZmS9316UTRE",NA,NA,NA,NA,38.6744995117187,-90.2425994873047,"anonymous","EN","Yes","A173A97OFDAX9F",25,"Female",NA,7,7,7,7,100,6,6,6,6,90,5,5,6,5,79,7,7,7,7,100,7,7,7,7,100,7,7,7,7,100,"None of the above","Soccer"
2022-03-13 10:25:53,2022-03-13 10:28:21,"IP Address","24.129.219.110",100,148,TRUE,2022-03-13 10:28:21,"R_1C9jhxZcpRkhNxB",NA,NA,NA,NA,31.2942047119141,-86.4872970581055,"anonymous","EN","Yes","A1GRPIBHW72HDU",32,"Male",NA,6,7,6,6,85,5,4,5,4,55,5,4,5,4,55,6,7,7,6,90,7,6,7,7,90,7,6,7,7,90,"None of the above","Soccer"
2022-03-13 10:25:54,2022-03-13 10:28:45,"IP Address","73.64.17.81",100,170,TRUE,2022-03-13 10:28:45,"R_ALDPOFeW04SWPeN",NA,NA,NA,NA,40.3356018066406,-75.9789962768555,"anonymous","EN","Yes","A1SPIAJZORHFT0",35,"Male",NA,6,6,6,6,81,5,5,5,5,65,5,5,5,5,65,6,6,6,6,82,6,6,6,6,85,6,6,5,6,84,"None of the above","Soccer"
2022-03-13 10:26:09,2022-03-13 10:29:00,"IP Address","68.84.160.130",100,171,TRUE,2022-03-13 10:29:00,"R_1DMPGduOSyTg3wy",NA,NA,NA,NA,42.3701934814453,-83.1083984375,"anonymous","EN","Yes","AXT0TCKR8C8GW",52,"Male",NA,7,6,7,6,97,7,6,7,6,94,7,6,7,6,95,7,6,7,6,87,7,6,7,6,91,7,6,7,6,90,"Happy","Basketball"
2022-03-13 10:25:59,2022-03-13 10:29:03,"IP Address","24.1.39.189",100,184,TRUE,2022-03-13 10:29:03,"R_ptPJ6bpBUM8sDE5",NA,NA,NA,NA,41.9409027099609,-87.6531982421875,"anonymous","EN","Yes","A3GWRDHAURRNK6",49,"Male",NA,6,6,6,6,80,4,4,4,4,50,4,4,4,4,50,6,6,6,6,80,6,6,6,6,80,6,6,6,6,80,"None of the above","Soccer"
2022-03-13 10:27:31,2022-03-13 10:29:06,"IP Address","208.203.209.153",100,94,TRUE,2022-03-13 10:29:07,"R_3RyVYrhlDUJ8jeP",NA,NA,NA,NA,40.7126007080078,-74.0065994262695,"anonymous","EN","Yes","A2U2FPKPZPH3P5",40,"Male",NA,6,7,7,7,74,6,7,7,7,73,6,7,7,7,74,6,7,6,7,48,7,7,7,7,95,6,7,7,7,84,"Happy","Baseball"
2022-03-13 10:27:20,2022-03-13 10:29:07,"IP Address","73.54.16.182",100,106,TRUE,2022-03-13 10:29:07,"R_3ivXU44CyvvTTzq",NA,NA,NA,NA,26.5337066650391,-81.7061996459961,"anonymous","EN","Yes","A03846191RWU57N8DCK72",32,"Male",NA,6,6,5,5,73,5,4,5,5,80,5,4,6,7,78,6,5,6,5,77,5,6,7,6,80,5,6,5,5,96,"None of the above","Soccer"
2022-03-13 10:25:53,2022-03-13 10:29:12,"IP Address","208.218.227.162",100,198,TRUE,2022-03-13 10:29:12,"R_2lckaVccnMTD4yJ",NA,NA,NA,NA,40.8023071289063,-73.7329025268555,"anonymous","EN","Yes","A37GAECQDDGGPM",32,"Male",NA,7,6,7,7,100,7,6,7,6,100,7,6,7,6,100,7,6,7,7,100,7,6,7,7,100,7,7,7,6,100,"Happy","Soccer"
2022-03-13 10:26:33,2022-03-13 10:29:30,"IP Address","107.180.130.126",100,177,TRUE,2022-03-13 10:29:30,"R_3iUd2OkHKyX2MCl",NA,NA,NA,NA,39.0469055175781,-77.4903030395508,"anonymous","EN","Yes","A29DZ2EZB3J0NE",45,"Male",NA,6,7,6,7,80,7,6,7,6,80,7,6,7,6,83,6,7,6,7,80,7,6,7,6,82,6,7,6,7,80,"Happy","Basketball"
2022-03-13 10:27:38,2022-03-13 10:29:32,"IP Address","208.203.220.53",100,114,TRUE,2022-03-13 10:29:33,"R_3oZ25MWP4CPRcrs",NA,NA,NA,NA,40.9476013183594,-73.8623962402344,"anonymous","EN","Yes","A10UIE7PPASC4Z",40,"Male",NA,5,6,7,7,99,4,5,7,7,99,5,7,7,6,100,6,7,7,5,100,7,6,5,6,100,7,6,5,6,99,"Happy","Baseball"
2022-03-13 10:27:28,2022-03-13 10:29:44,"IP Address","208.195.30.196",100,135,TRUE,2022-03-13 10:29:44,"R_1dGq3VABGMmgkXw",NA,NA,NA,NA,39.2908935546875,-76.6095962524414,"anonymous","EN","Yes","A39GZ5UG08W3SM",36,"Male",NA,5,5,6,5,47,6,5,6,5,69,4,7,5,5,71,5,6,5,6,64,4,7,4,5,65,4,3,6,6,57,"None of the above","Soccer"
2022-03-13 10:26:06,2022-03-13 10:29:50,"IP Address","198.14.18.30",100,224,TRUE,2022-03-13 10:29:50,"R_1KgbnUHd6axQNVi",NA,NA,NA,NA,41.2680053710938,-96.1156005859375,"anonymous","EN","Yes","A1D4JUDL9BADGN",34,"Male",NA,3,4,5,4,69,6,4,3,4,36,3,4,5,4,33,5,4,3,4,42,5,4,3,4,72,3,4,5,4,34,"None of the above","Basketball"
2022-03-13 10:26:15,2022-03-13 10:29:52,"IP Address","208.203.210.95",100,217,TRUE,2022-03-13 10:29:53,"R_5BFd4mDseypA6jf",NA,NA,NA,NA,40.8204956054688,-73.9182968139648,"anonymous","EN","Yes","A2PSGUA45W73SR",25,"Female",NA,1,7,6,7,81,4,5,2,7,100,3,5,1,7,82,7,6,1,7,93,7,6,7,5,95,7,6,3,7,100,"Happy","Basketball"
2022-03-13 10:27:03,2022-03-13 10:29:54,"IP Address","208.203.217.156",100,171,TRUE,2022-03-13 10:29:55,"R_21vJMM2QPeGgmzb",NA,NA,NA,NA,41.0325927734375,-73.7621002197266,"anonymous","EN","Yes","AOI2DJMRF13CZ",38,"Male",NA,7,6,7,6,49,7,6,7,6,49,7,6,7,6,49,7,6,7,6,49,7,6,7,6,61,7,6,7,6,67,"Happy","Soccer"
2022-03-13 10:25:59,2022-03-13 10:29:57,"IP Address","152.36.156.190",100,238,TRUE,2022-03-13 10:29:57,"R_8rbDm52PR4QFLmF",NA,NA,NA,NA,30.5435943603516,-89.6895980834961,"anonymous","EN","Yes","A2Q0XPK1CBAKFA",35,"Male",NA,6,5,4,3,71,6,4,5,5,97,7,6,6,7,93,3,4,5,4,36,6,5,4,4,88,3,4,6,4,62,"None of the above","Soccer"
2022-03-13 10:26:53,2022-03-13 10:30:27,"IP Address","23.181.176.2",100,213,TRUE,2022-03-13 10:30:28,"R_2aFwlEPIiYEjXG5",NA,NA,NA,NA,37.7510070800781,-97.8219985961914,"anonymous","EN","Yes","A2D16COQHXOET0",35,"Male",NA,7,7,7,7,77,7,7,7,7,68,7,7,7,7,71,7,7,7,7,38,7,7,7,7,69,7,7,7,7,62,"None of the above","Soccer"
2022-03-13 10:27:02,2022-03-13 10:30:31,"IP Address","196.17.66.79",100,209,TRUE,2022-03-13 10:30:31,"R_12hW1kKsBjitrd9",NA,NA,NA,NA,34.0543975830078,-118.244094848633,"anonymous","EN","Yes","A308KDUCZZEVCH",30,"Female",NA,7,7,7,7,92,7,7,7,7,96,7,7,7,7,90,7,7,7,7,93,7,7,7,7,91,7,7,7,7,90,"None of the above","Swimming"
2022-03-13 10:27:33,2022-03-13 10:30:35,"IP Address","67.7.27.221",100,182,TRUE,2022-03-13 10:30:36,"R_3L0RU1oVwspQRwD",NA,NA,NA,NA,32.2971954345703,-96.1187973022461,"anonymous","EN","Yes","A2G43KS55YGYQE",62,"Male",NA,6,6,6,6,81,4,4,5,5,50,4,4,5,5,50,6,6,6,6,85,6,6,6,6,85,6,6,6,6,85,"None of the above","Soccer"
2022-03-13 10:25:55,2022-03-13 10:30:40,"IP Address","209.159.217.88",100,284,TRUE,2022-03-13 10:30:40,"R_1DFRLbIObObvVoh",NA,NA,NA,NA,44.1414947509766,-103.205200195313,"anonymous","EN","Yes","A2Z0DI2L5GV87Y",44,"Male",NA,6,6,5,7,86,5,4,5,4,62,4,4,5,4,58,6,6,6,5,82,6,6,7,7,86,6,7,5,7,94,"None of the above","Soccer"
2022-03-13 10:27:07,2022-03-13 10:30:40,"IP Address","45.42.190.126",100,213,TRUE,2022-03-13 10:30:41,"R_2TBQZWjqrQX8HKi",NA,NA,NA,NA,38.8865051269531,-77.0911026000977,"anonymous","EN","Yes","A1WL31KHTKDHYC",32,"Male",NA,7,6,6,7,74,6,5,7,6,82,5,7,6,5,76,7,7,6,6,85,7,5,6,6,79,7,5,6,6,81,"None of the above","Soccer"
2022-03-13 10:27:19,2022-03-13 10:30:42,"IP Address","75.109.98.54",100,203,TRUE,2022-03-13 10:30:43,"R_paOjMzSVY6IMm8F",NA,NA,NA,NA,38.4544067382812,-82.2184982299805,"anonymous","EN","Yes","A2L81INGN8WU52",39,"Male",NA,7,7,7,7,100,7,7,6,7,82,6,7,6,6,92,7,7,6,6,88,7,7,7,7,94,7,7,7,6,92,"Satisfied","Bowling"
2022-03-13 10:25:59,2022-03-13 10:30:58,"IP Address","96.42.172.107",100,298,TRUE,2022-03-13 10:30:58,"R_297jd5hd5nDSgtv",NA,NA,NA,NA,44.7602996826172,-85.6179962158203,"anonymous","EN","Yes","A3SDRO12N0VEFE",62,"Male",NA,7,7,7,7,78,7,6,6,7,83,5,5,6,6,60,6,6,6,7,64,7,6,7,6,88,7,6,7,5,77,"None of the above","Soccer"
2022-03-13 10:28:50,2022-03-13 10:31:00,"IP Address","23.82.141.214",100,130,TRUE,2022-03-13 10:31:00,"R_1jBeetHk1eDmWoT",NA,NA,NA,NA,25.7640991210937,-80.2702026367188,"anonymous","EN","Yes","AVFH5F9V2EMH7",27,"Female",NA,7,6,6,7,81,5,6,7,7,75,5,6,7,6,67,5,6,7,7,76,7,6,5,6,82,7,7,6,7,76,"Happy","Soccer"
2022-03-13 10:26:34,2022-03-13 10:31:02,"IP Address","200.220.166.15",100,268,TRUE,2022-03-13 10:31:03,"R_1BYtlqGjoy9IEr8",NA,NA,NA,NA,45.6911010742188,-122.584999084473,"anonymous","EN","Yes","ANZRT6ZZY6AL0",32,"Male",NA,7,7,7,7,92,7,7,7,7,99,7,7,7,7,96,7,7,7,7,83,7,7,7,7,92,7,7,7,7,100,"Happy","Soccer"
2022-03-13 10:27:55,2022-03-13 10:31:10,"IP Address","24.49.32.198",100,195,TRUE,2022-03-13 10:31:10,"R_2E1eQQXrKHXObBb",NA,NA,NA,NA,39.6342926025391,-77.7337036132812,"anonymous","EN","Yes","A1KI6JFFI8HC2D",32,"Male",NA,6,7,6,7,90,6,7,6,7,71,6,7,6,7,78,6,5,4,5,69,5,4,5,4,80,6,7,6,7,80,"None of the above","Soccer"
2022-03-13 10:26:02,2022-03-13 10:31:18,"IP Address","196.17.65.130",100,316,TRUE,2022-03-13 10:31:19,"R_1NqszBjrVtaQIY8",NA,NA,NA,NA,34.0543975830078,-118.244094848633,"anonymous","EN","Yes","A1ICYCF9K4B2UY",30,"Male",NA,7,5,6,6,84,5,7,5,6,71,7,4,6,5,86,5,5,6,4,62,6,7,5,6,73,6,4,6,5,77,"None of the above","Soccer"
2022-03-13 10:30:00,2022-03-13 10:31:39,"IP Address","208.203.210.86",100,98,TRUE,2022-03-13 10:31:39,"R_31MfXhGVzLfgNth",NA,NA,NA,NA,40.8204956054688,-73.9182968139648,"anonymous","EN","Yes","A2KTVWOLT6VWZT",40,"Male",NA,6,7,6,5,99,5,7,6,7,96,7,5,5,7,100,5,6,7,6,98,7,5,6,6,100,7,5,4,7,99,"Happy","Baseball"
2022-03-13 10:29:56,2022-03-13 10:31:40,"IP Address","208.218.227.36",100,103,TRUE,2022-03-13 10:31:40,"R_1P5Cp6KbYBYGnvh",NA,NA,NA,NA,40.8023071289063,-73.7329025268555,"anonymous","EN","Yes","A2FTP9D28WCUXM",31,"Male",NA,7,7,6,7,100,7,7,7,6,100,7,7,7,6,100,7,7,7,6,100,7,7,6,7,100,7,7,7,6,100,"Happy","Soccer"
2022-03-13 10:26:40,2022-03-13 10:31:44,"IP Address","72.76.172.10",100,303,TRUE,2022-03-13 10:31:44,"R_3LjLFsXJXzBL6kQ",NA,NA,NA,NA,40.9953002929688,-73.9503021240234,"anonymous","EN","Yes","A324M5ZRHX7RUV",27,"Female",NA,7,7,6,6,87,5,4,4,4,56,5,4,5,4,56,6,6,6,6,92,7,7,6,6,91,6,6,6,6,94,"None of the above","Soccer"
2022-03-13 10:26:26,2022-03-13 10:31:45,"IP Address","207.180.8.43",100,319,TRUE,2022-03-13 10:31:46,"R_2qCwRN0KlYr4wkQ",NA,NA,NA,NA,28.1147003173828,-82.3677978515625,"anonymous","EN","Yes","A1YY0U5D5EYME9",37,"Female",NA,7,6,7,6,89,6,5,6,5,62,6,5,5,5,64,7,6,6,6,85,7,6,7,7,93,7,7,6,7,100,"None of the above","Swimming"
2022-03-13 10:29:00,2022-03-13 10:31:48,"IP Address","76.105.65.150",100,168,TRUE,2022-03-13 10:31:49,"R_NWoKm4DFIjsBSVj",NA,NA,NA,NA,34.2037048339844,-84.1031036376953,"anonymous","EN","Yes","A163XFZG5BI0XU",39,"Male",NA,7,7,7,7,100,6,6,6,6,92,5,5,5,5,82,7,7,7,7,100,7,7,7,7,100,7,7,7,7,100,"None of the above","Soccer"
2022-03-13 10:29:39,2022-03-13 10:31:51,"IP Address","208.218.228.180",100,131,TRUE,2022-03-13 10:31:51,"R_1Qzq5A4PRbsq0ef",NA,NA,NA,NA,39.9703063964844,-75.0616989135742,"anonymous","EN","Yes","A1PFCKWXMX9F0W",30,"Male",NA,7,6,7,7,100,7,7,6,7,100,7,6,7,7,100,7,6,7,7,100,7,6,7,7,100,7,7,7,6,100,"Happy","Soccer"
2022-03-13 10:26:09,2022-03-13 10:31:58,"IP Address","99.97.27.108",100,349,TRUE,2022-03-13 10:31:58,"R_A0QTEyVCHnvrfpL",NA,NA,NA,NA,33.1909027099609,-96.6197967529297,"anonymous","EN","Yes","A28C4YC9WPNYG2",27,"Male",NA,7,7,7,7,94,5,5,6,6,73,6,4,6,5,71,6,7,7,6,95,6,5,7,6,80,6,7,6,7,85,"None of the above","Soccer"
2022-03-13 10:27:12,2022-03-13 10:32:01,"IP Address","97.90.74.38",100,288,TRUE,2022-03-13 10:32:01,"R_3ffzZXAJzGbiMe4",NA,NA,NA,NA,42.4638061523438,-123.346405029297,"anonymous","EN","Yes","A6M7YIG6KKHPA",30,"Male",NA,5,6,7,6,90,4,4,6,5,60,4,4,4,4,50,3,6,6,4,50,5,4,6,7,85,6,4,5,7,85,"None of the above","Soccer"
2022-03-13 10:26:04,2022-03-13 10:32:05,"IP Address","109.149.18.168",100,360,TRUE,2022-03-13 10:32:05,"R_12zN1rXaKFEFNCa",NA,NA,NA,NA,53.3188018798828,-0.982406616210938,"anonymous","EN","Yes","ALD1JYEPWYXZ7",33,"Male",NA,5,6,5,5,90,4,5,4,4,60,4,4,4,4,50,7,7,6,6,100,7,7,7,7,100,7,7,5,6,97,"None of the above","Soccer"
2022-03-13 10:27:01,2022-03-13 10:32:07,"IP Address","73.205.21.131",100,306,TRUE,2022-03-13 10:32:07,"R_2cu6DWnohbZ0EyD",NA,NA,NA,NA,26.5991058349609,-80.1284027099609,"anonymous","EN","Yes","AOOLS8280CL0Z",70,"Female",NA,7,7,7,7,100,6,6,6,6,90,6,6,6,6,90,7,7,7,7,100,7,7,7,7,100,7,7,7,7,100,"None of the above","Soccer"
2022-03-13 10:29:37,2022-03-13 10:32:09,"IP Address","208.218.229.168",100,151,TRUE,2022-03-13 10:32:10,"R_2ZCG8nyVX8jImHr",NA,NA,NA,NA,39.9703063964844,-75.0616989135742,"anonymous","EN","Yes","A2KHB9Z2LTCKQ",32,"Male",NA,7,7,6,7,53,7,6,7,7,55,7,7,7,7,50,7,7,7,7,52,6,7,7,7,49,7,7,7,7,53,"None of the above","Baseball"
2022-03-13 10:28:26,2022-03-13 10:32:16,"IP Address","208.203.211.78",100,230,TRUE,2022-03-13 10:32:17,"R_3GBbekefriiwD9b",NA,NA,NA,NA,40.8204956054688,-73.9182968139648,"anonymous","EN","Yes","A29NGXVW58D60U",40,"Male",NA,6,4,5,6,70,6,5,6,7,70,6,5,4,5,55,5,4,5,6,67,6,6,4,5,63,5,4,3,4,65,"None of the above","Baseball"
2022-03-13 10:26:38,2022-03-13 10:32:25,"IP Address","208.203.221.41",100,346,TRUE,2022-03-13 10:32:25,"R_1DzZEJGGPz1BYLh",NA,NA,NA,NA,40.9476013183594,-73.8623962402344,"anonymous","EN","Yes","A438TNCKXD0RX",41,"Male",NA,7,7,7,7,96,6,6,6,6,79,6,4,6,6,86,7,7,7,7,96,7,7,7,7,94,7,7,7,7,96,"None of the above","Swimming"
2022-03-13 10:28:05,2022-03-13 10:32:34,"IP Address","194.53.108.254",100,269,TRUE,2022-03-13 10:32:34,"R_2ts1Ghure6K0G2k",NA,NA,NA,NA,34.0493927001953,-118.266098022461,"anonymous","EN","Yes","ASXUE2FIRUO56",40,"Male",NA,6,7,7,7,74,6,7,6,7,87,6,6,7,7,74,6,7,7,7,86,6,6,7,7,89,6,6,7,7,86,"None of the above","Basketball"
2022-03-13 10:29:42,2022-03-13 10:32:39,"IP Address","8.46.120.191",100,176,TRUE,2022-03-13 10:32:39,"R_3ktZXznicBv81F3",NA,NA,NA,NA,40.7597045898438,-73.9810028076172,"anonymous","EN","Yes","A1MSC8BOYS00P7",22,"Male",NA,5,4,5,6,82,5,3,4,5,75,6,5,4,6,65,6,4,6,5,74,5,3,4,5,67,5,3,5,4,63,"Happy","Basketball"
2022-03-13 10:27:04,2022-03-13 10:32:56,"IP Address","208.195.20.115",100,351,TRUE,2022-03-13 10:32:56,"R_3mjFCeAKTMp6FI5",NA,NA,NA,NA,39.2908935546875,-76.6095962524414,"anonymous","EN","Yes","AFM76BZ1CGUM9",53,"Male",NA,3,4,5,5,51,3,4,5,5,55,4,5,4,5,60,3,4,5,6,52,4,5,5,5,55,4,5,5,4,61,"None of the above","Soccer"
2022-03-13 10:29:06,2022-03-13 10:33:01,"IP Address","63.75.240.181",100,235,TRUE,2022-03-13 10:33:02,"R_3gT2KuIkVrM1OkX",NA,NA,NA,NA,40.7156982421875,-74,"anonymous","EN","Yes","A2LD7WNF6EPLBY",54,"Male",NA,7,7,6,6,74,6,7,6,6,71,6,7,6,6,65,6,6,5,6,71,7,6,6,5,67,5,7,6,6,82,"None of the above","Soccer"
2022-03-13 10:31:33,2022-03-13 10:33:02,"IP Address","208.203.210.46",100,88,TRUE,2022-03-13 10:33:02,"R_1LLnZddMwppvQ4o",NA,NA,NA,NA,40.8204956054688,-73.9182968139648,"anonymous","EN","Yes","A1WTCFZ14DOX9I",40,"Male",NA,6,7,7,7,71,6,7,7,7,84,6,7,7,7,97,6,7,7,7,78,6,7,7,7,78,6,7,7,7,99,"Happy","Baseball"
2022-03-13 10:26:46,2022-03-13 10:33:02,"IP Address","75.40.24.179",100,376,TRUE,2022-03-13 10:33:03,"R_2XaIiwsjB7G6kNs",NA,NA,NA,NA,32.5606994628906,-84.8572998046875,"anonymous","EN","Yes","A1JM5XNB4NCZR6",67,"Male",NA,6,6,6,6,75,5,4,5,5,62,4,4,4,4,50,6,6,6,6,82,5,5,5,5,90,6,6,6,6,76,"None of the above","Soccer"
2022-03-13 10:31:37,2022-03-13 10:33:09,"IP Address","208.219.18.53",100,91,TRUE,2022-03-13 10:33:11,"R_2amfyWoc9kB1brT",NA,NA,NA,NA,45.5411071777344,-122.560501098633,"anonymous","EN","Yes","A8OJ7KX1FV49L",35,"Male",NA,7,6,7,6,87,7,5,6,7,94,7,7,7,7,76,7,6,7,6,78,7,6,7,6,70,7,7,7,7,66,"None of the above","Swimming"
2022-03-13 10:30:23,2022-03-13 10:33:13,"IP Address","63.75.243.76",100,169,TRUE,2022-03-13 10:33:13,"R_vw2qQiP85UM0ccp",NA,NA,NA,NA,40.7156982421875,-74,"anonymous","EN","Yes","A1ZD1JBHH7KEMA",41,"Female",NA,6,5,7,6,66,5,7,6,5,61,5,6,5,6,81,5,6,4,5,36,5,6,4,5,83,6,4,5,5,65,"None of the above","Soccer"
2022-03-13 10:25:40,2022-03-13 10:33:20,"IP Address","208.218.227.168",100,459,TRUE,2022-03-13 10:33:20,"R_12MCPpKpiW6ZLjk",NA,NA,NA,NA,40.8023071289063,-73.7329025268555,"anonymous","EN","Yes","AXH9BQEG1YHD6",40,"Male",NA,5,6,5,6,91,6,5,6,5,73,6,5,6,5,84,6,5,6,6,87,6,5,6,6,81,6,5,6,6,86,"None of the above","Swimming"
2022-03-13 10:27:44,2022-03-13 10:33:21,"IP Address","47.151.7.193",100,336,TRUE,2022-03-13 10:33:21,"R_2rVdJJjF11Qk6qU",NA,NA,NA,NA,33.7518005371094,-117.993194580078,"anonymous","EN","Yes","A8M95JMF1A10S",32,"Male",NA,6,6,6,6,84,6,6,6,6,84,7,6,6,6,92,7,7,7,7,80,6,7,7,6,82,6,6,6,6,80,"Satisfied","Swimming"
2022-03-13 10:30:59,2022-03-13 10:33:34,"IP Address","208.203.209.118",100,154,TRUE,2022-03-13 10:33:34,"R_Y51tEWLZxYnRYXL",NA,NA,NA,NA,40.7126007080078,-74.0065994262695,"anonymous","EN","Yes","A13JJHDWBG4ZCM",33,"Male",NA,5,4,5,5,72,5,6,4,5,62,5,4,5,5,63,5,4,4,5,73,5,4,5,6,76,5,4,5,4,77,"None of the above","Soccer"
2022-03-13 10:31:20,2022-03-13 10:33:37,"IP Address","208.203.210.87",100,136,TRUE,2022-03-13 10:33:37,"R_dii2yTkMAbLYTZv",NA,NA,NA,NA,40.8204956054688,-73.9182968139648,"anonymous","EN","Yes","A15DWNLDRMNHVV",27,"Male",NA,4,3,4,3,52,7,3,4,3,60,6,3,3,4,58,6,4,3,3,53,6,4,3,3,53,7,3,4,5,59,"None of the above","Soccer"
2022-03-13 10:30:40,2022-03-13 10:33:39,"IP Address","137.184.229.172",100,178,TRUE,2022-03-13 10:33:40,"R_3HtdpGlIPRv8qOl",NA,NA,NA,NA,37.3930969238281,-121.962005615234,"anonymous","EN","Yes","A3H616O85HLQXQ",31,"Female",NA,6,6,7,7,82,5,5,6,6,59,5,5,6,6,66,6,6,6,7,64,6,5,6,6,72,6,6,5,6,66,"None of the above","Swimming"
2022-03-13 10:26:05,2022-03-13 10:33:42,"IP Address","74.197.116.62",100,456,TRUE,2022-03-13 10:33:42,"R_3PzThzzfB2BVDY3",NA,NA,NA,NA,32.3220977783203,-102.539398193359,"anonymous","EN","Yes","A1S1F495QARNP3",32,"Female",NA,7,7,7,7,99,7,7,7,7,91,4,4,4,4,82,7,7,7,7,96,7,7,7,7,99,7,7,7,7,99,"Happy","Soccer"
2022-03-13 10:28:09,2022-03-13 10:33:43,"IP Address","208.219.18.35",100,334,TRUE,2022-03-13 10:33:44,"R_PCgXl8OTGUSG717",NA,NA,NA,NA,45.5411071777344,-122.560501098633,"anonymous","EN","Yes","A36J0P94BTS6C1",35,"Male",NA,7,7,7,7,95,7,7,7,7,95,7,7,7,7,94,7,7,7,7,92,7,7,7,7,95,7,7,7,7,93,"None of the above","Soccer"
2022-03-13 10:26:08,2022-03-13 10:33:48,"IP Address","63.75.241.5",100,460,TRUE,2022-03-13 10:33:49,"R_2YEca6VvEKXYt1m",NA,NA,NA,NA,40.7156982421875,-74,"anonymous","EN","Yes","A32N00D9RN2J6N",25,"Female",NA,4,5,4,5,66,4,5,4,5,68,4,5,4,5,62,4,6,5,4,59,3,5,4,3,84,4,5,4,6,68,"None of the above","Soccer"
2022-03-13 10:32:12,2022-03-13 10:34:22,"IP Address","208.219.19.8",100,129,TRUE,2022-03-13 10:34:22,"R_2AGpTgUbeFYrXum",NA,NA,NA,NA,45.5411071777344,-122.560501098633,"anonymous","EN","Yes","AL4R0VFP54YYF",36,"Male",NA,7,6,7,7,62,7,5,7,6,69,7,6,7,7,74,6,7,6,7,60,7,6,7,7,65,7,6,7,7,62,"None of the above","Soccer"
2022-03-13 10:26:57,2022-03-13 10:34:26,"IP Address","67.165.41.142",100,448,TRUE,2022-03-13 10:34:26,"R_1NCeCGU9YFcnsIa",NA,NA,NA,NA,40.5565032958984,-79.5772018432617,"anonymous","EN","Yes","A19RUFAKES3LQX",44,"Female",NA,7,6,7,6,10,7,6,7,6,83,7,6,7,6,89,7,6,7,6,89,7,6,7,6,90,7,6,7,6,82,"Happy","Soccer"
2022-03-13 10:32:44,2022-03-13 10:34:35,"IP Address","208.218.231.95",100,111,TRUE,2022-03-13 10:34:36,"R_3kBvlX4UfQUp53u",NA,NA,NA,NA,40.5175018310547,-74.3991012573242,"anonymous","EN","Yes","APZ56L7M0ZOP9",30,"Male",NA,7,6,7,6,100,7,6,7,6,100,7,6,7,7,100,7,7,6,7,100,6,6,7,6,100,7,7,6,7,100,"None of the above","Soccer"
2022-03-13 10:27:49,2022-03-13 10:34:41,"IP Address","208.219.18.37",100,411,TRUE,2022-03-13 10:34:41,"R_1BPJQjcavPmUHoe",NA,NA,NA,NA,45.5411071777344,-122.560501098633,"anonymous","EN","Yes","A1EW61H11KGYL7",36,"Male",NA,7,6,7,7,72,7,7,7,7,94,7,6,7,7,56,7,7,7,7,91,7,7,6,7,44,7,7,7,7,87,"None of the above","Soccer"
2022-03-13 10:29:39,2022-03-13 10:34:44,"IP Address","64.225.51.12",100,305,TRUE,2022-03-13 10:34:44,"R_25SWsNr5y1yZu0i",NA,NA,NA,NA,40.8363952636719,-74.1402969360352,"anonymous","EN","Yes","A1CA6ZXKK09ZRI",31,"Male",NA,7,7,7,7,84,6,5,6,5,63,6,6,7,6,73,7,6,7,7,91,6,5,5,6,64,7,6,7,6,86,"None of the above","Soccer"
2022-03-13 10:26:06,2022-03-13 10:34:44,"IP Address","73.70.249.6",100,518,TRUE,2022-03-13 10:34:45,"R_uxdjLbH3FcD8Fm9",NA,NA,NA,NA,37.347900390625,-121.852699279785,"anonymous","EN","Yes","A3TWZH1DE4Z7WB",57,"Female",NA,6,7,6,7,99,6,7,6,7,99,6,7,6,7,100,6,7,6,7,99,6,7,6,7,100,6,7,6,7,100,"Happy","Basketball"
2022-03-13 10:30:13,2022-03-13 10:34:46,"IP Address","99.70.252.100",100,273,TRUE,2022-03-13 10:34:47,"R_1ojUit1BDmHTqQG",NA,NA,NA,NA,32.5195007324219,-96.8105010986328,"anonymous","EN","Yes","A1NLJ1L4VCQYV2",39,"Male",NA,7,7,7,7,100,4,5,6,6,65,5,5,6,6,70,6,7,7,6,95,7,6,5,7,90,6,7,6,7,95,"None of the above","Soccer"
2022-03-13 10:31:36,2022-03-13 10:35:01,"IP Address","98.192.98.60",100,205,TRUE,2022-03-13 10:35:02,"R_Ah8JiGr5I6zzfm9",NA,NA,NA,NA,33.8018951416016,-84.386100769043,"anonymous","EN","Yes","AN4P0SU1YSPF2",53,"Male",NA,7,7,6,7,100,4,4,4,4,50,4,4,4,4,50,6,4,3,5,72,7,7,5,7,100,7,7,4,6,88,"None of the above","Soccer"
2022-03-13 10:32:37,2022-03-13 10:35:06,"IP Address","196.17.65.241",100,149,TRUE,2022-03-13 10:35:07,"R_cBBEM8EgO3FpCwN",NA,NA,NA,NA,34.0543975830078,-118.244094848633,"anonymous","EN","Yes","A2R6GSIVQ5KB62",34,"Male",NA,7,7,7,7,87,6,6,6,6,90,6,6,7,7,88,6,6,6,6,91,7,7,7,7,95,6,7,7,7,92,"None of the above","Soccer"
2022-03-13 10:27:29,2022-03-13 10:35:14,"IP Address","208.203.223.19",100,465,TRUE,2022-03-13 10:35:15,"R_2EhMG5btpoFwljX",NA,NA,NA,NA,40.9476013183594,-73.8623962402344,"anonymous","EN","Yes","AEH7DCKL1R601",25,"Female",NA,7,7,7,7,96,7,7,7,7,92,7,7,7,7,94,7,7,7,7,93,7,7,7,7,98,7,7,7,7,97,"None of the above","Soccer"
2022-03-13 10:26:03,2022-03-13 10:35:17,"IP Address","147.124.214.18",100,554,TRUE,2022-03-13 10:35:18,"R_3PZA0WXDf6zRvIA",NA,NA,NA,NA,32.7767028808594,-96.8050003051758,"anonymous","EN","Yes","AX8YWKJK9XQH",40,"Female",NA,5,7,6,5,86,6,7,5,6,86,6,7,6,5,91,6,5,6,7,76,6,7,5,6,88,5,7,6,5,83,"None of the above","Soccer"
2022-03-13 10:31:34,2022-03-13 10:35:45,"IP Address","71.238.129.194",100,250,TRUE,2022-03-13 10:35:45,"R_3n28bI198uGaveK",NA,NA,NA,NA,34.7268981933594,-92.3440017700195,"anonymous","EN","Yes","A1GT9KHWFREU8C",53,"Male",NA,7,6,7,7,73,7,6,6,7,70,6,6,5,6,56,7,7,7,6,71,6,6,7,7,75,7,6,7,5,41,"None of the above","Soccer"
2022-03-13 10:30:44,2022-03-13 10:35:51,"IP Address","198.14.21.66",100,307,TRUE,2022-03-13 10:35:52,"R_1pPDmqX4TznY4e5",NA,NA,NA,NA,41.2680053710938,-96.1156005859375,"anonymous","EN","Yes","A1YJWBE7IH2913",54,"Male",NA,7,6,7,6,100,7,7,7,7,100,7,6,7,6,90,7,7,7,7,100,7,6,7,6,94,7,7,7,7,100,"None of the above","Soccer"
2022-03-13 10:30:13,2022-03-13 10:36:05,"IP Address","208.219.18.115",100,351,TRUE,2022-03-13 10:36:06,"R_tLMSOuL4Ukhtna1",NA,NA,NA,NA,45.5411071777344,-122.560501098633,"anonymous","EN","Yes","A7B34XXDKTURM",48,"Male",NA,6,5,6,5,61,6,5,6,5,66,6,5,6,6,76,6,7,6,6,72,6,5,6,5,64,6,6,7,6,65,"Satisfied","Soccer"
2022-03-13 10:34:48,2022-03-13 10:36:14,"IP Address","208.219.19.101",100,85,TRUE,2022-03-13 10:36:14,"R_2wLDa6rMULOPtrl",NA,NA,NA,NA,45.5411071777344,-122.560501098633,"anonymous","EN","Yes","A25NGIY591U3DK",48,"Female",NA,2,4,5,7,75,2,6,3,5,73,3,3,5,6,67,2,3,5,6,74,3,4,5,7,54,2,3,5,6,59,"None of the above","Soccer"
2022-03-13 10:34:35,2022-03-13 10:37:02,"IP Address","208.203.223.254",100,147,TRUE,2022-03-13 10:37:03,"R_2OGVCrj3DggNXj1",NA,NA,NA,NA,40.9476013183594,-73.8623962402344,"anonymous","EN","Yes","A2XKGKNZA3CZJ",40,"Male",NA,6,7,7,7,84,6,7,7,7,82,6,7,7,7,82,6,7,7,7,82,6,7,7,7,83,6,7,7,7,76,"Happy","Baseball"
2022-03-13 10:33:11,2022-03-13 10:37:06,"IP Address","108.79.48.96",100,235,TRUE,2022-03-13 10:37:07,"R_2TRBfXeFERceq96",NA,NA,NA,NA,37.9985046386719,-121.887802124023,"anonymous","EN","Yes","A31L8OEFFXSR4S",29,"Male",NA,7,7,7,7,100,7,5,5,6,76,7,7,7,7,100,7,7,7,7,100,7,7,7,7,100,7,7,7,7,100,"None of the above","Soccer"
2022-03-13 10:28:14,2022-03-13 10:37:08,"IP Address","216.73.160.163",100,533,TRUE,2022-03-13 10:37:08,"R_xi1o6ZVdYPaeAeJ",NA,NA,NA,NA,40.7156982421875,-74,"anonymous","EN","Yes","AKNBC1TE88NDO",30,"Female",NA,7,7,7,7,100,7,7,7,7,84,6,7,6,7,74,7,7,7,7,100,7,7,7,7,100,7,7,7,7,100,"None of the above","Soccer"
2022-03-13 10:35:33,2022-03-13 10:37:11,"IP Address","165.232.153.181",100,98,TRUE,2022-03-13 10:37:11,"R_3x9MMtZ2mEDZMQh",NA,NA,NA,NA,37.3930969238281,-121.962005615234,"anonymous","EN","Yes","AYVHDW39OCSZ4",40,"Female",NA,6,6,5,6,88,6,6,5,6,86,6,6,6,6,75,6,6,5,7,72,6,6,6,7,76,6,6,5,6,67,"None of the above","Swimming"
2022-03-13 10:35:49,2022-03-13 10:37:26,"IP Address","208.203.211.182",100,97,TRUE,2022-03-13 10:37:27,"R_1oaIYZ8HTgDpOM8",NA,NA,NA,NA,40.8204956054688,-73.9182968139648,"anonymous","EN","Yes","A2X28XG702ZMR9",30,"Male",NA,7,6,7,6,100,7,7,6,6,100,7,7,6,7,100,7,6,7,6,100,5,7,6,7,100,7,6,7,7,100,"None of the above","Soccer"
2022-03-13 10:26:21,2022-03-13 10:37:30,"IP Address","135.148.75.23",100,668,TRUE,2022-03-13 10:37:30,"R_1gIxu8dvbeo5j9v",NA,NA,NA,NA,37.7510070800781,-97.8219985961914,"anonymous","EN","Yes","A2DVIKO21ME29J",27,"Male",NA,7,7,7,6,91,4,4,3,4,50,4,4,4,4,50,6,6,7,6,100,7,7,7,7,100,7,7,7,7,100,"None of the above","Soccer"
2022-03-13 10:34:06,2022-03-13 10:37:43,"IP Address","50.231.89.126",100,216,TRUE,2022-03-13 10:37:43,"R_3C0zneuQgeYvAR3",NA,NA,NA,NA,40.7156982421875,-74,"anonymous","EN","Yes","A2S4CVETZQ2H4F",51,"Female",NA,5,5,6,6,62,5,5,6,6,65,5,6,6,6,63,5,6,6,6,62,5,5,6,6,60,5,5,6,6,60,"None of the above","Soccer"
2022-03-13 10:34:27,2022-03-13 10:37:45,"IP Address","147.124.213.233",100,197,TRUE,2022-03-13 10:37:45,"R_1pX5t4vL4mtCKhy",NA,NA,NA,NA,32.7767028808594,-96.8050003051758,"anonymous","EN","Yes","A2AS12X0U1L76S",33,"Male",NA,5,6,4,5,74,5,6,5,6,74,5,6,5,6,74,5,6,6,5,57,5,6,4,5,68,6,4,6,5,72,"None of the above","Swimming"
2022-03-13 10:33:09,2022-03-13 10:38:07,"IP Address","196.18.231.186",100,298,TRUE,2022-03-13 10:38:08,"R_29hT4pNJFInwnai",NA,NA,NA,NA,39.1027069091797,-94.5777969360352,"anonymous","EN","Yes","A1UIIIOJ6EZT4I",25,"Male",NA,3,4,5,6,73,4,5,6,5,71,3,4,5,6,67,3,4,5,6,66,3,4,5,6,66,3,4,5,6,72,"None of the above","Soccer"
2022-03-13 10:31:06,2022-03-13 10:38:13,"IP Address","24.107.33.33",100,427,TRUE,2022-03-13 10:38:14,"R_0wdoE042yZNEABX",NA,NA,NA,NA,38.8119964599609,-89.9626998901367,"anonymous","EN","Yes","A3DYQ1OLJ2BJTR",42,"Female",NA,7,7,7,6,94,7,6,5,6,81,5,6,4,4,70,7,6,6,7,92,7,6,4,5,90,7,6,7,7,90,"None of the above","Soccer"
2022-03-13 10:28:27,2022-03-13 10:38:52,"IP Address","208.218.227.196",100,625,TRUE,2022-03-13 10:38:53,"R_2eQZtqMmH5COu49",NA,NA,NA,NA,40.8023071289063,-73.7329025268555,"anonymous","EN","Yes","A2L08K9XYBST0S",30,"Female",NA,7,7,7,7,80,7,7,7,7,80,7,7,7,7,80,7,7,7,7,80,7,7,7,7,80,7,7,7,7,85,"None of the above","Soccer"
2022-03-13 10:30:24,2022-03-13 10:38:55,"IP Address","176.102.123.246",100,510,TRUE,2022-03-13 10:38:56,"R_2V1RUFymMOpS2LB",NA,NA,NA,NA,39.0180053710937,-77.5390014648437,"anonymous","EN","Yes","A25O23FZCUPO1W",39,"Female",NA,7,6,6,7,97,7,6,7,6,98,7,7,6,7,95,7,7,6,7,97,7,6,7,7,97,7,7,6,7,97,"None of the above","Soccer"
2022-03-13 10:37:17,2022-03-13 10:39:32,"IP Address","208.218.227.26",100,135,TRUE,2022-03-13 10:39:33,"R_26evvuERRaXugWm",NA,NA,NA,NA,40.8023071289063,-73.7329025268555,"anonymous","EN","Yes","A623CUSPSQ9BX",30,"Male",NA,6,7,4,5,69,5,5,5,6,67,6,6,5,3,72,5,6,6,5,77,6,6,6,5,60,5,6,6,4,54,"None of the above","Baseball"
2022-03-13 10:32:05,2022-03-13 10:39:39,"IP Address","75.118.188.190",100,453,TRUE,2022-03-13 10:39:39,"R_D9abwdrdAR7Uwut",NA,NA,NA,NA,41.5019989013672,-82.0091018676758,"anonymous","EN","Yes","a2aplcdm5wb4d",56,"Male",NA,6,7,6,6,77,4,4,4,4,50,4,4,4,4,50,5,6,6,6,69,6,5,7,7,70,6,5,7,5,89,"None of the above","Soccer"
2022-03-13 10:30:16,2022-03-13 10:40:10,"IP Address","208.203.217.8",100,594,TRUE,2022-03-13 10:40:11,"R_3oYKmY2PRlgo3k4",NA,NA,NA,NA,41.0325927734375,-73.7621002197266,"anonymous","EN","Yes","A1BUFDU8KZSXFU",43,"Female",NA,7,6,7,6,90,5,6,6,7,94,7,6,7,4,81,7,7,6,7,88,6,7,7,5,76,6,5,6,7,83,"Satisfied","Soccer"
2022-03-13 10:30:18,2022-03-13 10:40:15,"IP Address","99.23.146.214",100,597,TRUE,2022-03-13 10:40:16,"R_eepE6Iq90i0pWcF",NA,NA,NA,NA,29.6466979980469,-82.3283996582031,"anonymous","EN","Yes","A2LR1HKNOVDTJ8",52,"Male",NA,5,5,5,5,55,4,4,4,4,50,4,4,4,4,50,5,5,5,5,57,5,5,5,5,57,5,5,5,5,55,"None of the above","Soccer"
2022-03-13 10:37:52,2022-03-13 10:40:22,"IP Address","63.75.245.90",100,149,TRUE,2022-03-13 10:40:22,"R_1gBnv9yoqbYvyaO",NA,NA,NA,NA,33.8358001708984,-117.906295776367,"anonymous","EN","Yes","A3QC19EOM903NU",42,"Male",NA,5,6,7,5,83,6,3,6,6,63,4,7,7,5,84,3,6,4,3,82,4,5,7,3,74,4,5,6,3,82,"None of the above","Soccer"
2022-03-13 10:37:44,2022-03-13 10:40:39,"IP Address","96.58.59.251",100,175,TRUE,2022-03-13 10:40:40,"R_2wdjxG5HSirUAHy",NA,NA,NA,NA,28.0108947753906,-82.4947967529297,"anonymous","EN","Yes","AN7ZP1J589QVI",35,"Male",NA,5,6,5,6,83,5,6,5,6,88,5,6,5,6,82,5,6,5,6,82,5,6,5,6,79,5,6,6,6,85,"None of the above","Soccer"
2022-03-13 10:38:11,2022-03-13 10:40:42,"IP Address","208.203.208.121",100,151,TRUE,2022-03-13 10:40:42,"R_3KTu5BERpV9rXib",NA,NA,NA,NA,40.7126007080078,-74.0065994262695,"anonymous","EN","Yes","A11A9UW790G9MQ",27,"Male",NA,7,4,4,4,66,4,4,4,4,63,4,2,4,4,59,6,4,3,4,66,6,4,4,4,59,4,3,3,4,72,"None of the above","Soccer"
2022-03-13 10:28:42,2022-03-13 10:40:45,"IP Address","208.218.225.243",100,722,TRUE,2022-03-13 10:40:45,"R_1dALoC8VZ32xLuP",NA,NA,NA,NA,40.8023071289063,-73.7329025268555,"anonymous","EN","Yes","A2LNRZP6LTIAUF",37,"Female",NA,7,7,7,6,100,7,7,7,7,96,7,6,7,6,90,7,7,7,6,96,7,7,7,6,94,7,7,7,7,90,"None of the above","Soccer"
2022-03-13 10:38:44,2022-03-13 10:41:02,"IP Address","208.219.16.77",100,138,TRUE,2022-03-13 10:41:03,"R_1OrcSZ0N05ZcMtF",NA,NA,NA,NA,45.5411071777344,-122.560501098633,"anonymous","EN","Yes","A27GGOOYZYAJT9",48,"Male",NA,6,5,6,5,70,6,5,6,5,66,6,5,6,5,72,6,5,6,5,79,6,5,6,5,66,6,5,6,5,85,"Enthusiastic","Soccer"
2022-03-13 10:35:07,2022-03-13 10:41:05,"IP Address","208.219.16.43",100,358,TRUE,2022-03-13 10:41:05,"R_278MVH7FB5N3NGe",NA,NA,NA,NA,45.5411071777344,-122.560501098633,"anonymous","EN","Yes","A3JWG94E9V3V58",63,"Male",NA,6,6,5,2,67,5,3,6,3,43,6,5,3,5,75,6,5,4,3,79,4,5,3,5,76,3,7,4,5,62,"Happy","Basketball"
2022-03-13 10:26:22,2022-03-13 10:41:09,"IP Address","176.116.233.104",100,886,TRUE,2022-03-13 10:41:09,"R_udN77pOsF3Ajcjv",NA,NA,NA,NA,39.0180053710937,-77.5390014648437,"anonymous","EN","Yes","A1E46NKNVY6LIA",71,"Female",NA,7,6,6,6,79,7,7,6,6,78,7,6,6,6,81,7,6,6,6,77,7,7,7,7,85,7,7,7,7,84,"None of the above","Swimming"
2022-03-13 10:25:53,2022-03-13 10:41:15,"IP Address","158.222.135.137",100,921,TRUE,2022-03-13 10:41:15,"R_2bQuHPF4QeqhDk8",NA,NA,NA,NA,40.8123016357422,-73.9682006835938,"anonymous","EN","Yes","AFFXVHHBUWW4D",28,"Female",NA,7,7,7,7,100,5,5,5,5,60,4,4,4,4,50,7,7,7,7,100,7,7,7,7,100,7,7,7,7,100,"None of the above","Soccer"
2022-03-13 10:25:59,2022-03-13 10:41:35,"IP Address","47.221.57.102",100,935,TRUE,2022-03-13 10:41:35,"R_2cC12e3HdIuWbBE",NA,NA,NA,NA,30.4420928955078,-97.633903503418,"anonymous","EN","Yes","A1T5TCM37E8Y47",35,"Male",NA,6,6,6,7,72,4,4,4,4,50,4,4,4,4,50,6,6,4,5,70,6,6,6,6,70,6,6,6,6,71,"Anxious","Soccer"
2022-03-13 10:38:20,2022-03-13 10:41:56,"IP Address","104.33.161.236",100,216,TRUE,2022-03-13 10:41:57,"R_24us9qGxuBWTaUm",NA,NA,NA,NA,34.6038055419922,-118.229499816895,"anonymous","EN","Yes","A377IFNFP4UEG2",51,"Female",NA,5,6,5,5,87,5,5,6,5,86,6,5,6,6,90,6,5,6,6,89,6,5,6,5,89,5,6,6,5,89,"None of the above","Soccer"
2022-03-13 10:38:19,2022-03-13 10:42:05,"IP Address","208.203.216.119",100,226,TRUE,2022-03-13 10:42:06,"R_1fZec646zSuP0NW",NA,NA,NA,NA,41.0325927734375,-73.7621002197266,"anonymous","EN","Yes","A103TRSJYJJSQA",30,"Male",NA,7,7,7,7,100,6,6,6,6,90,6,6,6,6,85,7,7,7,7,100,7,7,7,7,100,6,6,6,6,89,"None of the above","Soccer"
2022-03-13 10:40:38,2022-03-13 10:42:44,"IP Address","208.203.210.33",100,126,TRUE,2022-03-13 10:42:45,"R_3xYlELWDr85f2q5",NA,NA,NA,NA,40.8204956054688,-73.9182968139648,"anonymous","EN","Yes","A1QTLTR649CXSP",32,"Female",NA,7,5,6,5,82,6,4,5,6,82,5,6,6,4,71,6,6,4,5,63,2,3,2,3,33,5,6,4,5,86,"None of the above","Soccer"
2022-03-13 10:35:30,2022-03-13 10:42:50,"IP Address","134.195.104.18",100,440,TRUE,2022-03-13 10:42:51,"R_2wnnUW33aPTlQhH",NA,NA,NA,NA,37.7510070800781,-97.8219985961914,"anonymous","EN","Yes","A2DO7K4KDIRLT2",52,"Male",NA,4,5,6,7,86,7,5,6,7,68,4,5,6,7,65,6,5,7,6,59,4,5,6,7,66,4,5,6,7,66,"None of the above","Basketball"
2022-03-13 10:37:31,2022-03-13 10:43:40,"IP Address","196.17.64.122",100,369,TRUE,2022-03-13 10:43:41,"R_1n142SFD0cErsOA",NA,NA,NA,NA,34.0543975830078,-118.244094848633,"anonymous","EN","Yes","A3D7UTNNNV79NO",39,"Male",NA,7,5,6,5,76,7,6,7,7,91,7,7,7,5,96,6,6,7,5,88,7,6,6,7,90,5,6,5,7,81,"None of the above","Soccer"
2022-03-13 10:43:02,2022-03-13 10:44:31,"IP Address","208.203.220.93",100,89,TRUE,2022-03-13 10:44:33,"R_wY32au7RKUKLAuR",NA,NA,NA,NA,40.9476013183594,-73.8623962402344,"anonymous","EN","Yes","A39LMDO3R6G46W",38,"Male",NA,7,6,7,6,75,7,6,7,7,63,7,6,7,6,69,7,6,7,6,79,7,6,7,6,59,7,6,7,6,69,"Happy","Soccer"
2022-03-13 10:40:26,2022-03-13 10:44:32,"IP Address","76.30.121.13",100,245,TRUE,2022-03-13 10:44:33,"R_Os5gaSvY71DpCU1",NA,NA,NA,NA,30.12939453125,-95.4237976074219,"anonymous","EN","Yes","A6HQP2PB9FWEJ",48,"Male",NA,6,5,5,6,85,6,5,6,6,80,5,6,5,6,85,5,6,5,6,80,5,6,5,6,80,5,6,6,5,80,"None of the above","Soccer"
2022-03-13 10:34:59,2022-03-13 10:44:40,"IP Address","68.54.214.71",100,580,TRUE,2022-03-13 10:44:41,"R_1FDMtRICzth4YKA",NA,NA,NA,NA,39.2050933837891,-85.9324035644531,"anonymous","EN","Yes","A2BUHMLNE3LUU0",43,"Female",NA,6,6,6,6,86,5,5,5,5,63,5,5,5,5,70,6,6,6,6,90,6,6,6,6,96,6,6,6,6,84,"None of the above","Soccer"
2022-03-13 10:38:09,2022-03-13 10:45:16,"IP Address","208.219.17.166",100,427,TRUE,2022-03-13 10:45:16,"R_2EjjkP7VmmpybD2",NA,NA,NA,NA,45.5411071777344,-122.560501098633,"anonymous","EN","Yes","A2KLOST0GU61VZ",55,"Female",NA,5,3,6,4,74,6,3,5,4,72,5,6,3,4,76,4,6,2,4,87,6,3,5,4,80,4,6,3,5,68,"None of the above","Soccer"
2022-03-13 10:43:09,2022-03-13 10:45:42,"IP Address","63.75.241.163",100,153,TRUE,2022-03-13 10:45:43,"R_1rJ0qNJjfbeuTEd",NA,NA,NA,NA,40.7156982421875,-74,"anonymous","EN","Yes","A3C4XO1QLOEJ23",41,"Male",NA,6,7,5,6,75,4,6,5,6,67,5,6,5,7,71,6,5,7,6,74,5,6,4,6,72,6,7,5,6,74,"None of the above","Soccer"
2022-03-13 10:42:15,2022-03-13 10:45:49,"IP Address","208.195.31.195",100,214,TRUE,2022-03-13 10:45:49,"R_3fuWHYCJbMRh0Yi",NA,NA,NA,NA,39.2908935546875,-76.6095962524414,"anonymous","EN","Yes","AQMYWKHON8Q9T",42,"Female",NA,4,5,4,3,55,3,4,5,4,46,4,3,5,4,57,4,3,4,5,57,4,3,4,5,58,5,4,4,5,60,"Satisfied","Soccer"
2022-03-13 10:43:08,2022-03-13 10:45:54,"IP Address","24.11.145.164",100,165,TRUE,2022-03-13 10:45:54,"R_2CWKQmYydU4tHHu",NA,NA,NA,NA,32.4129943847656,-110.942001342773,"anonymous","EN","Yes","AHZ7C7ETHYX3N",64,"Male",NA,7,7,7,7,100,4,4,4,4,50,4,4,4,4,50,7,7,7,7,100,7,7,7,7,100,7,7,7,7,100,"None of the above","Soccer"
2022-03-13 10:28:54,2022-03-13 10:46:25,"IP Address","50.231.89.210",100,1050,TRUE,2022-03-13 10:46:25,"R_O9gKbEbk4Gc1kYx",NA,NA,NA,NA,40.7156982421875,-74,"anonymous","EN","Yes","AD4YF6SVAHCSS",25,"Male",NA,4,6,7,6,100,7,6,7,6,80,5,6,7,6,79,6,7,6,7,70,5,6,7,6,92,6,7,6,5,64,"Happy","Swimming"
2022-03-13 10:39:16,2022-03-13 10:46:47,"IP Address","67.247.68.1",100,451,TRUE,2022-03-13 10:46:47,"R_ONI6wVByEVFtta9",NA,NA,NA,NA,43.0641937255859,-74.3339996337891,"anonymous","EN","Yes","A2NAKIXS3DVGAA",28,"Male",NA,5,5,5,5,72,4,4,4,4,50,4,4,4,4,50,5,5,5,5,75,5,5,5,5,73,5,5,5,5,74,"None of the above","Soccer"
2022-03-13 10:26:21,2022-03-13 10:46:54,"IP Address","99.154.15.9",100,1232,TRUE,2022-03-13 10:46:55,"R_2eWnI7w0Z1YdUrj",NA,NA,NA,NA,43.1165924072266,-87.9904022216797,"anonymous","EN","Yes","A1A4W5I56BSH44",48,"Female",NA,5,6,7,6,78,4,6,5,7,83,4,6,5,6,84,4,6,5,7,100,5,7,5,6,43,4,6,5,7,97,"None of the above","Soccer"
2022-03-13 10:43:44,2022-03-13 10:47:07,"IP Address","208.218.226.251",100,202,TRUE,2022-03-13 10:47:07,"R_D7s0HbO7tnvnLHP",NA,NA,NA,NA,40.8023071289063,-73.7329025268555,"anonymous","EN","Yes","A2KNAL8BTSDTM7",43,"Male",NA,6,4,5,5,63,5,6,5,6,63,2,1,2,3,61,6,6,5,5,75,4,4,5,5,71,5,6,5,6,68,"None of the above","Soccer"
2022-03-13 10:42:58,2022-03-13 10:47:12,"IP Address","200.220.167.54",100,254,TRUE,2022-03-13 10:47:12,"R_Oj0ZhbBgWM3aZFL",NA,NA,NA,NA,45.6911010742188,-122.584999084473,"anonymous","EN","Yes","A1MLU73USBI426",40,"Female",NA,7,6,7,6,79,7,6,5,7,92,7,6,7,6,91,7,6,5,7,74,7,6,7,6,80,7,6,5,7,89,"None of the above","Basketball"
2022-03-13 10:44:39,2022-03-13 10:47:15,"IP Address","63.75.246.46",100,156,TRUE,2022-03-13 10:47:15,"R_2y3JpA2TY52zRZV",NA,NA,NA,NA,40.8003997802734,-73.9504013061523,"anonymous","EN","Yes","A1YX69GFGX5REP",34,"Male",NA,5,5,4,6,75,4,6,5,6,68,4,6,5,7,68,5,6,5,6,69,6,7,7,6,54,5,6,4,7,70,"None of the above","Soccer"
2022-03-13 10:38:43,2022-03-13 10:47:22,"IP Address","73.51.6.27",100,518,TRUE,2022-03-13 10:47:23,"R_114OMlUeUKdUxb3",NA,NA,NA,NA,41.585205078125,-87.8059005737305,"anonymous","EN","Yes","A39TKEZXJ5EAH9",30,"Female",NA,5,6,5,6,77,6,7,7,7,77,6,6,7,5,84,6,6,6,7,94,6,7,7,6,81,6,7,5,7,88,"Happy","Soccer"
2022-03-13 10:41:46,2022-03-13 10:48:35,"IP Address","50.231.89.157",100,408,TRUE,2022-03-13 10:48:37,"R_2ClhYS14H4E8stw",NA,NA,NA,NA,40.7156982421875,-74,"anonymous","EN","Yes","A141MR69BII54Y",25,"Male",NA,7,6,5,7,78,7,6,5,6,70,5,6,7,6,68,5,6,7,6,72,5,6,7,6,64,5,6,7,6,68,"Happy","Swimming"
2022-03-13 10:46:32,2022-03-13 10:48:38,"IP Address","208.203.208.28",100,126,TRUE,2022-03-13 10:48:38,"R_25Lu9AHzSISjSsK",NA,NA,NA,NA,40.7126007080078,-74.0065994262695,"anonymous","EN","Yes","A35LPAJXCVT0IE",33,"Female",NA,4,6,3,4,74,4,6,3,4,74,4,6,3,5,80,4,6,4,4,75,6,3,5,3,77,3,5,3,4,64,"None of the above","Swimming"
2022-03-13 10:37:01,2022-03-13 10:48:39,"IP Address","99.46.141.120",100,698,TRUE,2022-03-13 10:48:40,"R_1E4NAOcAB98wgHm",NA,NA,NA,NA,37.347900390625,-122.035095214844,"anonymous","EN","Yes","A38JCRTTVX7EVE",31,"Female",NA,6,7,7,6,71,6,7,6,7,64,6,7,6,7,68,6,7,6,7,75,6,7,6,7,59,6,7,6,7,70,"Satisfied","Soccer"
2022-03-13 10:47:31,2022-03-13 10:49:07,"IP Address","134.195.104.21",100,95,TRUE,2022-03-13 10:49:07,"R_28BeFGxqdmXxghJ",NA,NA,NA,NA,37.7510070800781,-97.8219985961914,"anonymous","EN","Yes","A297KYMJJJFP6N",36,"Male",NA,6,5,6,5,65,6,4,6,5,65,6,5,6,7,66,6,5,6,6,68,5,6,5,6,65,6,5,6,7,64,"None of the above","Soccer"
2022-03-13 10:46:09,2022-03-13 10:49:21,"IP Address","174.53.182.72",100,191,TRUE,2022-03-13 10:49:21,"R_3kzgDxmmb8sa5nv",NA,NA,NA,NA,45.1280059814453,-93.4586029052734,"anonymous","EN","Yes","A2RREI7Z5EVR2X",42,"Male",NA,7,7,7,7,98,4,4,4,4,62,4,4,4,4,64,7,7,7,7,95,7,7,7,7,92,7,7,7,7,98,"None of the above","Soccer"
2022-03-13 10:40:37,2022-03-13 10:50:08,"IP Address","69.121.162.237",100,570,TRUE,2022-03-13 10:50:08,"R_1hyWAxJuFiKW6fX",NA,NA,NA,NA,41.218994140625,-73.3722991943359,"anonymous","EN","Yes","A24QQ4XGPOBQDK",25,"Male",NA,5,6,6,7,88,6,7,7,6,84,6,5,6,5,83,5,6,6,7,77,5,6,5,6,88,5,6,6,6,83,"None of the above","Soccer"
2022-03-13 10:47:09,2022-03-13 10:50:37,"IP Address","173.19.24.213",100,208,TRUE,2022-03-13 10:50:38,"R_1mE1ffGmouCE9Sa",NA,NA,NA,NA,41.3097991943359,-87.0362014770508,"anonymous","EN","Yes","A2M183CETUMR96",39,"Male",NA,6,6,6,6,80,4,4,4,4,50,4,4,4,4,50,5,5,5,5,75,5,5,5,5,75,6,6,6,6,85,"None of the above","Soccer"
2022-03-13 10:47:46,2022-03-13 10:50:41,"IP Address","63.75.243.95",100,174,TRUE,2022-03-13 10:50:41,"R_2WOmh3Il7NpWHlp",NA,NA,NA,NA,40.7156982421875,-74,"anonymous","EN","Yes","A1ZZM991IW2A4Z",33,"Female",NA,2,4,6,5,62,5,3,5,4,64,7,4,2,5,42,3,5,4,2,66,4,6,5,2,46,3,6,2,4,64,"Sad","Bowling"
2022-03-13 10:38:07,2022-03-13 10:50:43,"IP Address","216.39.37.150",100,756,TRUE,2022-03-13 10:50:43,"R_3J9POpOdlhP31um",NA,NA,NA,NA,39.2841949462891,-76.6918029785156,"anonymous","EN","Yes","A6ULQNJYVC2GJ",30,"Male",NA,5,7,5,7,61,5,7,4,6,65,6,5,7,6,79,6,6,5,7,60,6,7,7,5,61,6,7,5,6,80,"None of the above","Baseball"
2022-03-13 10:40:09,2022-03-13 10:51:09,"IP Address","196.16.109.111",100,659,TRUE,2022-03-13 10:51:09,"R_308Ywk5DVkb6bvQ",NA,NA,NA,NA,34.0543975830078,-118.244094848633,"anonymous","EN","Yes","A2AAT632W67974",30,"Female",NA,6,7,6,7,73,7,6,7,7,99,7,6,7,6,97,7,6,5,7,87,6,7,6,7,95,7,6,7,6,86,"None of the above","Soccer"
2022-03-13 10:47:31,2022-03-13 10:51:10,"IP Address","216.250.251.198",100,218,TRUE,2022-03-13 10:51:10,"R_1GHpoYua0D7DYAe",NA,NA,NA,NA,42.1472930908203,-71.0067977905274,"anonymous","EN","Yes","A182731SRNAI9K",35,"Female",NA,5,6,7,4,77,6,7,6,6,82,5,6,6,7,71,6,7,6,5,74,6,7,7,5,73,6,7,7,6,81,"None of the above","Soccer"
2022-03-13 10:41:49,2022-03-13 10:51:19,"IP Address","24.6.178.244",100,570,TRUE,2022-03-13 10:51:19,"R_3aYCGu0kO4hU4p3",NA,NA,NA,NA,37.5337066650391,-122.028900146484,"anonymous","EN","Yes","A16UXP3PNM7P6U",30,"Female",NA,6,7,6,7,80,5,7,5,7,85,6,7,6,7,91,5,6,7,6,59,7,7,6,7,91,6,6,5,7,82,"None of the above","Soccer"
2022-03-13 10:44:27,2022-03-13 10:51:20,"IP Address","208.219.19.102",100,412,TRUE,2022-03-13 10:51:20,"R_2U0gDFjiQ42t12V",NA,NA,NA,NA,45.5411071777344,-122.560501098633,"anonymous","EN","Yes","A3AKW7ZV3HDZC9",48,"Female",NA,6,5,6,5,74,6,5,6,6,69,6,5,6,5,67,6,5,5,6,78,6,5,6,6,72,6,5,6,5,73,"Enthusiastic","Soccer"
2022-03-13 10:27:23,2022-03-13 10:51:43,"IP Address","103.143.182.133",100,1460,TRUE,2022-03-13 10:51:43,"R_VIi2m3JCww1nDDb",NA,NA,NA,NA,23.7272033691406,90.4093017578125,"anonymous","EN","Yes","A2AP9F2LCG5GV8",29,"Male",NA,7,6,5,7,100,7,6,5,6,93,6,5,6,5,90,5,6,5,6,90,6,5,6,7,94,4,5,6,5,79,"None of the above","Swimming"
2022-03-13 10:48:45,2022-03-13 10:52:47,"IP Address","208.203.216.8",100,241,TRUE,2022-03-13 10:52:47,"R_0iEsx9NXHDa5cid",NA,NA,NA,NA,41.0325927734375,-73.7621002197266,"anonymous","EN","Yes","A1AAAH434DDOUZ",30,"Male",NA,2,4,3,4,89,2,3,3,4,82,2,2,4,2,75,2,3,5,4,82,2,4,4,3,74,2,3,4,3,80,"None of the above","Basketball"
2022-03-13 10:50:20,2022-03-13 10:53:27,"IP Address","63.75.244.28",100,186,TRUE,2022-03-13 10:53:27,"R_1IZcQwVmlJvIh9p",NA,NA,NA,NA,33.8358001708984,-117.906295776367,"anonymous","EN","Yes","A1X8PKR01HU3X7",44,"Female",NA,3,6,5,5,63,6,4,4,7,81,6,3,5,5,62,6,4,4,6,66,6,3,4,4,81,6,4,5,5,73,"None of the above","Soccer"
2022-03-13 10:50:07,2022-03-13 10:54:39,"IP Address","208.203.209.34",100,272,TRUE,2022-03-13 10:54:39,"R_9oAQoHz36yUGNYR",NA,NA,NA,NA,40.7126007080078,-74.0065994262695,"anonymous","EN","Yes","AR0UATVXWK3JT",30,"Male",NA,7,6,6,7,64,7,6,7,7,62,7,6,7,7,61,7,6,6,6,60,7,6,6,7,91,6,6,7,7,68,"None of the above","Soccer"
2022-03-13 10:51:17,2022-03-13 10:55:44,"IP Address","63.75.244.176",100,266,TRUE,2022-03-13 10:55:44,"R_Y91TOTlOh4PpF2F",NA,NA,NA,NA,33.8358001708984,-117.906295776367,"anonymous","EN","Yes","AH4WMTDAVHVMD",53,"Male",NA,7,7,7,7,100,7,7,7,7,100,7,7,7,7,100,7,7,7,7,100,7,7,7,7,100,7,7,7,7,100,"None of the above","Soccer"
2022-03-13 10:50:29,2022-03-13 10:56:23,"IP Address","45.131.195.112",100,353,TRUE,2022-03-13 10:56:23,"R_22tBBOStVdpjzyt",NA,NA,NA,NA,40.78759765625,-74.0599975585937,"anonymous","EN","Yes","A1K8VUKRL53OX",30,"Male",NA,7,6,6,7,93,5,6,5,6,56,4,3,6,3,50,6,5,6,6,75,6,7,7,6,88,5,6,7,6,85,"None of the above","Soccer"
2022-03-13 10:49:14,2022-03-13 10:57:27,"IP Address","208.203.218.163",100,492,TRUE,2022-03-13 10:57:27,"R_WcIGfxicVYX4Vdn",NA,NA,NA,NA,41.8314971923828,-72.7198028564453,"anonymous","EN","Yes","AKCS9995WTTU8",30,"Male",NA,6,5,6,7,83,6,5,6,7,91,5,4,6,5,94,6,5,6,7,85,6,5,6,5,81,5,7,6,5,80,"Satisfied","Basketball"
2022-03-13 10:53:01,2022-03-13 10:59:09,"IP Address","161.35.128.14",100,368,TRUE,2022-03-13 10:59:09,"R_2P0TU46p0nVCN67",NA,NA,NA,NA,40.8363952636719,-74.1402969360352,"anonymous","EN","Yes","A3SA97VT1923NN",37,"Male",NA,7,7,7,7,100,7,7,7,7,96,6,6,7,7,95,7,7,7,7,100,7,7,7,7,99,7,7,7,7,95,"None of the above","Soccer"
2022-03-13 10:56:07,2022-03-13 10:59:44,"IP Address","147.124.214.4",100,216,TRUE,2022-03-13 10:59:44,"R_3k6Q4HoAu6gDbHW",NA,NA,NA,NA,32.7767028808594,-96.8050003051758,"anonymous","EN","Yes","A20CYZHR7MASNG",32,"Male",NA,7,6,6,6,72,7,6,6,5,77,7,6,6,5,74,5,6,6,6,75,7,5,6,5,69,6,6,5,6,73,"None of the above","Basketball"
2022-03-13 10:58:09,2022-03-13 11:00:01,"IP Address","209.185.41.217",100,111,TRUE,2022-03-13 11:00:02,"R_vdf2PGqvnFAh6Df",NA,NA,NA,NA,37.7510070800781,-97.8219985961914,"anonymous","EN","Yes","APS5UP3BSWKGX",25,"Male",NA,3,4,5,6,71,3,4,5,6,73,3,4,5,6,66,3,4,5,6,70,3,4,5,6,69,3,4,5,6,72,"None of the above","Soccer"
2022-03-13 11:00:30,2022-03-13 11:03:04,"IP Address","209.185.41.223",100,154,TRUE,2022-03-13 11:03:05,"R_2afANdfQNv6jghZ",NA,NA,NA,NA,37.7510070800781,-97.8219985961914,"anonymous","EN","Yes","AZF7257EQJPDO",25,"Male",NA,5,6,7,6,68,7,6,7,6,82,5,6,7,6,70,7,6,5,7,74,7,6,5,7,73,7,6,5,7,77,"Happy","Swimming"
2022-03-13 11:00:14,2022-03-13 11:03:06,"IP Address","63.75.246.18",100,171,TRUE,2022-03-13 11:03:06,"R_bf2CdO4jetRmJ33",NA,NA,NA,NA,40.8003997802734,-73.9504013061523,"anonymous","EN","Yes","A3J5HRXH4F64SP",40,"Male",NA,5,7,6,6,100,5,6,4,5,57,5,5,6,5,66,7,7,6,6,88,6,7,6,7,91,5,5,6,5,77,"None of the above","Soccer"
2022-03-13 10:59:43,2022-03-13 11:03:24,"IP Address","208.219.17.57",100,220,TRUE,2022-03-13 11:03:24,"R_3MyEwhLk7h38LUh",NA,NA,NA,NA,45.5411071777344,-122.560501098633,"anonymous","EN","Yes","A34WZXK3LAXGMM",38,"Male",NA,7,7,6,6,93,7,7,6,6,98,7,7,6,6,99,7,7,6,6,88,7,6,6,6,84,7,7,6,6,99,"None of the above","Soccer"
2022-03-13 11:01:05,2022-03-13 11:03:51,"IP Address","50.231.89.52",100,165,TRUE,2022-03-13 11:03:51,"R_1MST3zqRs8SImN5",NA,NA,NA,NA,40.7156982421875,-74,"anonymous","EN","Yes","AFT7FOT7DJR7G",25,"Male",NA,4,5,6,5,68,3,4,5,6,72,3,4,5,6,69,3,4,5,6,73,3,4,5,6,70,3,4,5,6,73,"None of the above","Soccer"
2022-03-13 10:58:38,2022-03-13 11:04:01,"IP Address","63.75.244.99",100,323,TRUE,2022-03-13 11:04:03,"R_UEImNvoptZT33AR",NA,NA,NA,NA,33.8358001708984,-117.906295776367,"anonymous","EN","Yes","A13LKULUTCJCVU",28,"Male",NA,5,7,3,6,67,7,6,7,4,57,6,5,3,6,68,6,2,4,6,67,7,6,7,4,80,3,5,5,4,82,"None of the above","Soccer"
2022-03-13 11:02:50,2022-03-13 11:05:36,"IP Address","208.219.17.93",100,166,TRUE,2022-03-13 11:05:37,"R_pEOakhkVRjSmCfD",NA,NA,NA,NA,45.5411071777344,-122.560501098633,"anonymous","EN","Yes","A392YC4Y1OPMJ7",48,"Female",NA,6,5,7,5,81,7,5,6,4,86,6,3,5,6,92,5,6,7,6,87,7,6,5,4,78,7,6,5,3,98,"None of the above","Swimming"
2022-03-13 11:05:10,2022-03-13 11:07:01,"IP Address","208.219.17.94",100,111,TRUE,2022-03-13 11:07:02,"R_3JgeDxn532enjRD",NA,NA,NA,NA,45.5411071777344,-122.560501098633,"anonymous","EN","Yes","A38MRXO56TQL5H",48,"Male",NA,6,5,5,4,87,1,2,4,5,60,1,3,4,6,62,5,2,4,4,78,1,2,4,5,70,1,3,5,6,63,"Enthusiastic","Basketball"
2022-03-13 11:05:59,2022-03-13 11:08:35,"IP Address","174.53.41.78",100,156,TRUE,2022-03-13 11:08:36,"R_1o2dT8dUiaJgeej",NA,NA,NA,NA,34.8108062744141,-92.2248992919922,"anonymous","EN","Yes","APVJEN2541WFB",31,"Female",NA,7,7,6,7,96,6,6,6,5,87,6,6,5,5,87,6,6,5,5,90,7,7,7,7,97,7,7,6,7,95,"None of the above","Soccer"
2022-03-13 11:06:37,2022-03-13 11:09:32,"IP Address","12.49.242.47",100,175,TRUE,2022-03-13 11:09:33,"R_1ml5Y3WSOfVLTxN",NA,NA,NA,NA,41.4866027832031,-81.8037033081055,"anonymous","EN","Yes","AV1HZV4A8C27R",36,"Male",NA,7,4,5,6,64,5,4,5,6,62,6,6,4,5,60,3,5,5,4,57,3,3,6,4,57,7,6,5,6,47,"None of the above","Soccer"
2022-03-13 11:09:00,2022-03-13 11:10:53,"IP Address","208.219.19.106",100,112,TRUE,2022-03-13 11:10:53,"R_2fvTQ7PpqXewFON",NA,NA,NA,NA,45.5411071777344,-122.560501098633,"anonymous","EN","Yes","AAWJXG8GFVQJH",48,"Female",NA,6,5,4,3,82,6,7,5,4,91,7,6,7,6,100,7,4,2,1,88,5,7,5,4,99,7,6,5,4,79,"None of the above","Soccer"
2022-03-13 11:09:04,2022-03-13 11:13:32,"IP Address","208.218.224.23",100,268,TRUE,2022-03-13 11:13:33,"R_1k2kdOwY3xNpAQU",NA,NA,NA,NA,40.8023071289063,-73.7329025268555,"anonymous","EN","Yes","A28AYIPE4Z2HZM",30,"Male",NA,6,6,4,7,73,7,4,5,7,85,7,6,6,7,81,7,6,6,7,77,6,7,6,7,65,6,6,4,7,73,"None of the above","Baseball"
2022-03-13 11:01:46,2022-03-13 11:14:02,"IP Address","163.123.220.161",100,735,TRUE,2022-03-13 11:14:02,"R_269I489XRXBpe7r",NA,NA,NA,NA,40.9028930664063,-73.8588027954102,"anonymous","EN","Yes","A3Q04O629T2K06",48,"Male",NA,7,7,7,7,96,7,7,7,7,50,7,7,7,7,51,7,7,7,7,90,7,7,7,7,95,7,7,7,7,91,"None of the above","Soccer"
2022-03-13 11:06:48,2022-03-13 11:15:14,"IP Address","208.203.210.131",100,506,TRUE,2022-03-13 11:15:15,"R_DUXqk2F38hzSQ37",NA,NA,NA,NA,40.8204956054688,-73.9182968139648,"anonymous","EN","Yes","A1GM97PN0SCNR2",36,"Male",NA,2,3,4,5,61,4,6,4,5,34,3,4,5,5,65,2,2,2,3,31,3,5,5,6,35,3,3,4,5,26,"Happy","Baseball"
2022-03-13 10:52:29,2022-03-13 11:15:34,"IP Address","208.203.220.218",100,1385,TRUE,2022-03-13 11:15:36,"R_2Ua1DUIezkG4QrK",NA,NA,NA,NA,40.9476013183594,-73.8623962402344,"anonymous","EN","Yes","A3U89PVWYHABJN",30,"Male",NA,6,6,6,6,70,6,6,6,5,71,5,5,6,5,71,6,6,2,6,68,6,6,4,6,71,6,6,6,5,70,"None of the above","Baseball"
2022-03-13 11:16:04,2022-03-13 11:18:00,"IP Address","98.216.225.21",100,116,TRUE,2022-03-13 11:18:02,"R_PvOowH37NEd67Jf",NA,NA,NA,NA,42.05810546875,-70.8077011108398,"anonymous","EN","Yes","A3RVHUY67SVXQV",34,"Female",NA,7,7,7,7,100,5,5,5,5,70,4,4,4,4,50,7,7,7,7,100,7,7,7,7,100,7,7,7,7,100,"None of the above","Soccer"
2022-03-13 11:13:09,2022-03-13 11:18:44,"IP Address","67.40.253.147",100,335,TRUE,2022-03-13 11:18:45,"R_3lyIUkGLZZHHl5A",NA,NA,NA,NA,45.6728057861328,-121.539794921875,"anonymous","EN","Yes","ABL2FXYMI00T6",29,"Female",NA,6,6,6,7,91,6,4,6,6,70,6,6,5,6,95,6,6,5,5,88,6,6,6,7,92,5,7,6,4,97,"None of the above","Soccer"
2022-03-13 11:16:01,2022-03-13 11:18:53,"IP Address","208.203.222.226",100,171,TRUE,2022-03-13 11:18:54,"R_1gH22ebOoHuFEvn",NA,NA,NA,NA,40.9476013183594,-73.8623962402344,"anonymous","EN","Yes","A3GTID8IPFGOTG",29,"Male",NA,6,6,5,6,94,7,7,6,7,71,7,7,6,7,90,7,6,7,6,86,7,6,7,6,95,7,7,6,7,84,"None of the above","Soccer"
2022-03-13 11:11:01,2022-03-13 11:20:51,"IP Address","50.231.89.165",100,589,TRUE,2022-03-13 11:20:53,"R_3PIfV47L0OuyrHU",NA,NA,NA,NA,40.7156982421875,-74,"anonymous","EN","Yes","A3EM3JJ2CV2QFQ",48,"Male",NA,6,4,6,5,77,6,5,6,4,68,6,5,4,6,70,6,4,6,5,60,6,3,6,4,87,6,5,4,6,45,"None of the above","Soccer"
2022-03-13 11:07:47,2022-03-13 11:20:57,"IP Address","147.124.213.188",100,789,TRUE,2022-03-13 11:20:57,"R_3G8wrkska8Ekc4a",NA,NA,NA,NA,32.7767028808594,-96.8050003051758,"anonymous","EN","Yes","A3MBWF1NI6HWLZ",31,"Female",NA,6,4,5,4,70,6,6,4,5,80,6,5,6,4,65,5,6,4,6,76,5,6,6,4,62,6,6,4,5,75,"None of the above","Soccer"
2022-03-13 11:19:18,2022-03-13 11:21:15,"IP Address","208.218.231.114",100,117,TRUE,2022-03-13 11:21:15,"R_AdjkimTcgfQX7Al",NA,NA,NA,NA,40.5175018310547,-74.3991012573242,"anonymous","EN","Yes","A19ZVNDX1F4RHZ",30,"Male",NA,4,4,7,5,47,2,2,2,4,54,4,3,3,3,56,6,5,6,7,66,6,4,5,1,54,4,4,3,5,55,"None of the above","Baseball"
2022-03-13 11:11:55,2022-03-13 11:23:30,"IP Address","63.75.240.8",100,695,TRUE,2022-03-13 11:23:31,"R_xg8EunC3qaZVKNj",NA,NA,NA,NA,40.7156982421875,-74,"anonymous","EN","Yes","A32C70A49I45AY",62,"Female",NA,5,5,5,6,61,4,5,6,6,71,5,6,7,6,62,4,5,6,6,53,5,6,7,6,60,5,6,7,6,61,"None of the above","Soccer"
2022-03-13 11:08:16,2022-03-13 11:24:17,"IP Address","184.55.172.30",100,960,TRUE,2022-03-13 11:24:17,"R_1pKErfzKTEFoQOL",NA,NA,NA,NA,42.7256011962891,-87.8588027954102,"anonymous","EN","Yes","AAS0V105QISPM",29,"Female",NA,7,7,7,7,84,4,4,4,4,50,4,4,4,4,50,7,7,7,7,90,7,7,7,7,89,7,7,7,7,86,"None of the above","Soccer"
2022-03-13 11:25:57,2022-03-13 11:28:50,"IP Address","91.233.0.24",100,172,TRUE,2022-03-13 11:28:50,"R_24LPk2Q2mpwradL",NA,NA,NA,NA,39.0180053710937,-77.5390014648437,"anonymous","EN","Yes","A1ENQOWFVY6FX9",39,"Female",NA,7,6,7,6,84,7,6,5,6,76,7,6,5,6,91,7,6,5,7,83,7,6,5,6,88,7,6,5,7,91,"None of the above","Basketball"
2022-03-13 11:37:49,2022-03-13 11:38:46,"IP Address","208.203.216.56",100,57,TRUE,2022-03-13 11:38:47,"R_1oCmUKVCubT3SoE",NA,NA,NA,NA,41.0325927734375,-73.7621002197266,"anonymous","EN","Yes","A2UU2XVEPKQMVZ",30,"Male",NA,5,7,7,6,47,5,6,7,7,47,7,7,7,4,53,4,3,2,3,54,5,6,7,7,47,4,5,6,4,47,"None of the above","Baseball"
2022-03-13 11:36:42,2022-03-13 11:40:37,"IP Address","72.69.154.120",100,235,TRUE,2022-03-13 11:40:39,"R_9nvGRuWSmRHj7CF",NA,NA,NA,NA,40.7122955322266,-73.7985000610352,"anonymous","EN","Yes","A2T9D0H880N2B5",37,"Male",NA,7,6,6,7,100,7,7,7,7,100,7,7,6,6,100,6,6,7,7,100,7,7,7,6,100,7,6,6,7,75,"None of the above","Basketball"
2022-03-13 10:37:50,2022-03-13 11:40:49,"IP Address","208.203.209.38",100,3779,TRUE,2022-03-13 11:40:50,"R_PH79a6S2rjq2Wvn",NA,NA,NA,NA,40.7126007080078,-74.0065994262695,"anonymous","EN","Yes","A3QCFIUUEXEZOO",32,"Male",NA,7,6,7,7,100,7,6,7,6,100,7,6,7,7,100,7,7,7,7,100,7,6,7,6,100,7,6,5,7,100,"None of the above","Soccer"
2022-03-13 11:34:44,2022-03-13 11:41:26,"IP Address","23.181.176.10",100,401,TRUE,2022-03-13 11:41:26,"R_d5PiBdgqr4SakZb",NA,NA,NA,NA,37.7510070800781,-97.8219985961914,"anonymous","EN","Yes","A283OS5IN6THWI",40,"Male",NA,7,7,7,7,100,7,7,7,7,90,7,7,7,7,93,7,7,7,7,100,7,7,7,7,100,7,7,7,7,92,"None of the above","Soccer"
2022-03-13 10:38:18,2022-03-13 11:44:04,"IP Address","208.203.209.72",100,3946,TRUE,2022-03-13 11:44:05,"R_XUmJYHbjLvNqP8l",NA,NA,NA,NA,40.7126007080078,-74.0065994262695,"anonymous","EN","Yes","A1AZTE52J6J2JN",32,"Male",NA,7,6,7,7,100,7,6,7,7,100,7,6,7,7,100,7,6,7,7,100,7,6,7,7,99,7,6,7,7,100,"None of the above","Swimming"
2022-03-13 11:46:41,2022-03-13 11:50:21,"IP Address","208.219.17.174",100,220,TRUE,2022-03-13 11:50:21,"R_yOsqqE6dAZnYa3v",NA,NA,NA,NA,45.5411071777344,-122.560501098633,"anonymous","EN","Yes","75",26,"Male",NA,1,5,7,6,56,6,6,4,4,63,6,5,5,5,79,2,4,7,3,100,5,6,6,5,100,3,4,5,7,53,"Self-Conscious","Swimming"
2022-03-13 11:46:10,2022-03-13 11:51:20,"IP Address","174.55.101.195",100,310,TRUE,2022-03-13 11:51:22,"R_3lKR55qULP9tRuU",NA,NA,NA,NA,39.9071960449219,-77.6360015869141,"anonymous","EN","Yes","AGV460K8XQME0",18,"Male",NA,7,7,7,7,100,7,5,5,5,72,4,4,4,4,61,7,7,7,7,85,7,7,7,7,97,7,7,6,6,82,"None of the above","Soccer"
2022-03-13 10:44:26,2022-03-13 11:58:54,"IP Address","208.203.208.232",100,4468,TRUE,2022-03-13 11:58:54,"R_1kLejByoJ2hoQem",NA,NA,NA,NA,40.7126007080078,-74.0065994262695,"anonymous","EN","Yes","A1MY3COF34GO0Z",32,"Male",NA,5,4,3,5,68,5,3,5,3,77,1,5,2,4,81,4,5,4,6,87,5,7,5,7,62,2,5,1,4,73,"Happy","Basketball"
2022-03-13 10:46:02,2022-03-13 12:01:22,"IP Address","208.203.208.131",100,4519,TRUE,2022-03-13 12:01:22,"R_9LAeVAR3yiH48cp",NA,NA,NA,NA,40.7126007080078,-74.0065994262695,"anonymous","EN","Yes","A1E4KEPWHZBJGO",32,"Male",NA,5,3,5,2,82,1,4,6,5,81,4,4,2,6,69,4,4,5,6,83,1,4,2,6,84,5,4,3,5,90,"Happy","Basketball"
2022-03-13 10:46:27,2022-03-13 12:09:31,"IP Address","208.203.210.47",100,4984,TRUE,2022-03-13 12:09:31,"R_3EZsOUduboypkg8",NA,NA,NA,NA,40.8204956054688,-73.9182968139648,"anonymous","EN","Yes","APLCVGO3GEWP3",32,"Male",NA,1,6,6,6,88,4,4,2,5,85,1,6,7,7,83,4,2,5,5,96,5,1,3,6,86,4,5,5,6,73,"Happy","Basketball"
2022-03-13 10:43:55,2022-03-13 12:12:35,"IP Address","208.203.211.184",100,5319,TRUE,2022-03-13 12:12:36,"R_22smomed8D34hhc",NA,NA,NA,NA,40.8204956054688,-73.9182968139648,"anonymous","EN","Yes","AQWS4LH4LJY5S",32,"Male",NA,4,3,4,2,79,5,4,4,6,76,5,3,3,3,89,2,4,4,4,78,4,5,5,6,75,5,4,1,3,88,"Happy","Basketball"
2022-03-13 10:42:28,2022-03-13 12:14:48,"IP Address","208.203.208.145",100,5539,TRUE,2022-03-13 12:14:49,"R_1HbKe5kBSqnI6CI",NA,NA,NA,NA,40.7126007080078,-74.0065994262695,"anonymous","EN","Yes","A2MA8IZAUI9G9R",32,"Male",NA,1,5,5,6,55,2,4,2,4,77,4,4,4,1,81,5,4,1,4,76,6,4,3,5,80,1,5,3,5,78,"Happy","Basketball"
2022-03-13 10:43:30,2022-03-13 12:18:59,"IP Address","208.203.208.56",100,5728,TRUE,2022-03-13 12:18:59,"R_2EFQsLRM6j8pLkK",NA,NA,NA,NA,40.7126007080078,-74.0065994262695,"anonymous","EN","Yes","ACT8H1JW4BEL3",32,"Male",NA,3,5,6,3,73,1,5,2,5,82,4,5,6,6,73,3,5,4,6,66,6,5,6,7,76,4,6,5,6,79,"Happy","Basketball"
2022-03-13 10:47:11,2022-03-13 12:48:25,"IP Address","196.18.231.228",100,7274,TRUE,2022-03-13 12:48:27,"R_1gcjh9tTsZInceL",NA,NA,NA,NA,39.1027069091797,-94.5777969360352,"anonymous","EN","Yes","A3NLJ5DQB0PUE6",32,"Male",NA,2,4,4,5,77,4,4,2,4,92,4,3,3,4,84,3,5,5,3,93,5,4,4,3,95,1,3,5,4,85,"Happy","Basketball"
2022-03-13 15:05:37,2022-03-13 15:07:26,"IP Address","208.219.19.107",100,108,TRUE,2022-03-13 15:07:26,"R_2dK0HDRLuEpalB0",NA,NA,NA,NA,45.5411071777344,-122.560501098633,"anonymous","EN","Yes","A2SPZ18LGINZ4W",48,"Female",NA,3,4,5,6,88,4,5,7,5,82,7,6,3,5,86,7,6,4,3,83,6,5,4,3,84,6,7,5,4,87,"None of the above","Soccer"
2022-03-13 15:05:28,2022-03-13 15:07:28,"IP Address","208.218.229.78",100,120,TRUE,2022-03-13 15:07:29,"R_6VGiCLZDueexeBH",NA,NA,NA,NA,39.9703063964844,-75.0616989135742,"anonymous","EN","Yes","ARNR1RWL7A9Y6",40,"Male",NA,7,6,7,6,56,7,6,7,6,74,7,6,7,6,73,7,6,7,7,69,7,6,7,6,90,7,7,6,7,78,"Happy","Soccer"
2022-03-13 15:05:14,2022-03-13 15:07:42,"IP Address","75.86.67.124",100,148,TRUE,2022-03-13 15:07:42,"R_r2bcI2gNMFabClr",NA,NA,NA,NA,43.1475067138672,-87.9049987792969,"anonymous","EN","Yes","A1YDRI4ASRSNWX",35,"Male",NA,6,6,6,6,71,6,6,6,6,89,6,6,6,6,80,6,6,6,6,85,6,6,6,6,86,6,6,6,6,81,"Satisfied","Soccer"
2022-03-13 15:08:16,2022-03-13 15:09:34,"IP Address","208.203.220.140",100,77,TRUE,2022-03-13 15:09:34,"R_w5eIKOOqilgxYzL",NA,NA,NA,NA,40.9476013183594,-73.8623962402344,"anonymous","EN","Yes","AT8ELMHRK8MXK",30,"Male",NA,4,7,5,4,54,5,3,2,5,54,3,5,6,5,46,4,4,4,5,58,5,5,4,3,55,5,4,2,3,56,"None of the above","Baseball"
2022-03-13 15:07:54,2022-03-13 15:09:40,"IP Address","208.203.216.128",100,106,TRUE,2022-03-13 15:09:41,"R_3OkW5zWEd3tyvLR",NA,NA,NA,NA,41.0325927734375,-73.7621002197266,"anonymous","EN","Yes","A2MDVJFR7URE4W",38,"Male",NA,7,6,7,6,70,7,6,7,6,69,7,6,7,6,87,7,6,7,6,78,7,6,7,6,72,7,6,7,6,70,"Happy","Soccer"
2022-03-13 15:05:34,2022-03-13 15:09:46,"IP Address","73.39.158.51",100,252,TRUE,2022-03-13 15:09:46,"R_2tgN8EMSpkGd55L",NA,NA,NA,NA,38.9521942138672,-77.0252990722656,"anonymous","EN","Yes","AGZZ90H2R7WF4",38,"Male",NA,5,6,6,7,76,6,7,6,7,83,7,6,6,7,90,5,7,6,6,89,5,6,6,7,84,5,6,6,7,81,"None of the above","Soccer"
2022-03-13 15:07:54,2022-03-13 15:09:51,"IP Address","208.218.230.130",100,116,TRUE,2022-03-13 15:09:51,"R_1QykNruPPNn2DQw",NA,NA,NA,NA,40.5175018310547,-74.3991012573242,"anonymous","EN","Yes","A35Z09O6WT7IX8",30,"Male",NA,6,7,7,7,60,6,7,6,7,57,7,6,7,7,64,7,6,7,7,68,7,5,7,6,60,7,5,7,7,69,"None of the above","Soccer"
2022-03-13 15:07:45,2022-03-13 15:09:53,"IP Address","208.219.19.119",100,128,TRUE,2022-03-13 15:09:53,"R_2z5sHvJEEXQRF1l",NA,NA,NA,NA,45.5411071777344,-122.560501098633,"anonymous","EN","Yes","A2RVYHVHA7R8K7",48,"Female",NA,7,7,6,4,85,7,5,5,4,97,7,6,7,6,81,7,6,5,4,88,7,6,5,3,92,6,5,4,2,90,"None of the above","Soccer"
2022-03-13 15:08:29,2022-03-13 15:10:11,"IP Address","70.171.9.199",100,102,TRUE,2022-03-13 15:10:12,"R_2CQHPzTelN0Qmjw",NA,NA,NA,NA,29.6138000488281,-82.3860015869141,"anonymous","EN","Yes","AZ69TBTDH7AZS",29,"Male",NA,6,6,6,6,88,5,5,5,5,57,5,5,5,5,60,6,6,6,6,87,5,5,5,5,61,6,6,6,6,89,"None of the above","Soccer"
2022-03-13 15:10:09,2022-03-13 15:11:17,"IP Address","208.218.225.2",100,67,TRUE,2022-03-13 15:11:18,"R_3McbnrTusRRNb5x",NA,NA,NA,NA,40.8023071289063,-73.7329025268555,"anonymous","EN","Yes","A3VTKV50681PU9",30,"Male",NA,7,7,6,7,68,7,6,7,6,71,7,7,7,6,75,7,7,7,7,61,7,7,7,7,68,5,7,7,6,81,"None of the above","Soccer"
2022-03-13 15:09:50,2022-03-13 15:11:52,"IP Address","208.218.231.184",100,122,TRUE,2022-03-13 15:11:52,"R_xrq10YGRNPXNIOt",NA,NA,NA,NA,40.5175018310547,-74.3991012573242,"anonymous","EN","Yes","A1L9QVN0RJSRO8",32,"Male",NA,7,6,7,6,100,7,6,7,7,100,7,6,7,7,100,7,6,7,6,100,7,6,7,6,100,7,5,7,6,100,"None of the above","Soccer"
2022-03-13 15:06:09,2022-03-13 15:12:00,"IP Address","138.219.172.217",100,351,TRUE,2022-03-13 15:12:01,"R_3HZHEJU4dzu9mq2",NA,NA,NA,NA,37.4792022705078,-121.164398193359,"anonymous","EN","Yes","A2HIOJRPY8WXOA",31,"Male",NA,5,6,7,4,69,4,6,5,7,71,5,3,6,5,49,3,5,7,4,66,4,6,3,6,60,7,4,7,4,73,"None of the above","Basketball"
2022-03-13 15:10:06,2022-03-13 15:12:05,"IP Address","45.35.97.22",100,119,TRUE,2022-03-13 15:12:05,"R_2urpTmQKmRc63j8",NA,NA,NA,NA,34.0493927001953,-118.266098022461,"anonymous","EN","Yes","A1B2RROCKH8H19",38,"Male",NA,7,6,7,6,82,7,6,7,6,76,7,6,7,6,82,7,6,7,6,78,7,6,7,6,80,7,6,7,6,70,"Happy","Soccer"
2022-03-13 15:05:35,2022-03-13 15:12:21,"IP Address","71.76.54.156",100,406,TRUE,2022-03-13 15:12:22,"R_XnMOssV6mxFNUtz",NA,NA,NA,NA,33.7196044921875,-78.9754028320313,"anonymous","EN","Yes","A1GKD3NG1NNHRP",62,"Female",NA,6,6,6,6,82,5,5,5,5,66,4,4,4,4,52,5,5,5,5,61,6,6,6,6,88,5,5,5,5,58,"None of the above","Soccer"
2022-03-13 15:08:07,2022-03-13 15:12:36,"IP Address","154.16.89.164",100,269,TRUE,2022-03-13 15:12:36,"R_2B8sYoDrbSqumJZ",NA,NA,NA,NA,41.8874053955078,-87.6317977905273,"anonymous","EN","Yes","A6G4LDE4SUKQR",53,"Male",NA,5,7,7,7,92,7,7,6,6,85,7,6,7,7,81,6,6,7,7,95,7,5,6,7,81,6,7,7,6,81,"None of the above","Swimming"
2022-03-13 15:08:35,2022-03-13 15:13:01,"IP Address","168.158.212.230",100,266,TRUE,2022-03-13 15:13:02,"R_a9uYSW5D8m4ZVmx",NA,NA,NA,NA,37.7510070800781,-97.8219985961914,"anonymous","EN","Yes","A3HGK1KRABAF3E",33,"Female",NA,7,7,7,7,94,5,5,5,5,87,5,5,5,5,60,6,6,6,6,81,6,6,6,6,85,6,6,6,6,68,"None of the above","Soccer"
2022-03-13 15:08:04,2022-03-13 15:13:22,"IP Address","80.7.185.114",100,317,TRUE,2022-03-13 15:13:22,"R_2ztKkCaYYc9o1WO",NA,NA,NA,NA,52.1932067871094,0.142593383789063,"anonymous","EN","Yes","AEQI66Y2JSY05",54,"Male",NA,6,7,6,6,85,5,4,4,4,60,4,4,4,4,50,6,7,5,4,75,7,7,5,6,90,7,7,6,7,95,"None of the above","Soccer"
2022-03-13 15:05:25,2022-03-13 15:15:20,"IP Address","75.41.166.226",100,595,TRUE,2022-03-13 15:15:21,"R_3Endp9Yn0vjk32I",NA,NA,NA,NA,35.2803955078125,-98.9474029541016,"anonymous","EN","Yes","A3CGQOJC28OVGN",31,"Female",NA,7,5,7,7,80,5,4,6,4,55,4,3,5,6,55,6,7,5,6,80,5,7,6,7,85,5,6,7,6,70,"None of the above","Swimming"
2022-03-13 15:12:43,2022-03-13 15:15:30,"IP Address","174.102.174.153",100,166,TRUE,2022-03-13 15:15:31,"R_3QLidhkWGFGMuVm",NA,NA,NA,NA,42.6058044433594,-87.8761978149414,"anonymous","EN","Yes","A1AXN8VOE1LBL3",37,"Male",NA,7,7,6,6,92,4,4,4,4,51,4,4,4,4,51,5,5,6,5,83,7,7,7,6,94,6,7,6,6,88,"None of the above","Soccer"
2022-03-13 15:10:30,2022-03-13 15:15:51,"IP Address","73.184.42.9",100,321,TRUE,2022-03-13 15:15:51,"R_1dmjF659K5GAO42",NA,NA,NA,NA,34.2496948242187,-84.4894027709961,"anonymous","EN","Yes","AJ9IY4IHOGB8",33,"Male",NA,6,7,5,5,67,6,5,7,6,79,6,7,5,6,62,6,6,7,6,82,6,5,6,2,65,5,6,5,5,65,"None of the above","Swimming"
2022-03-13 15:12:22,2022-03-13 15:17:58,"IP Address","72.185.242.98",100,335,TRUE,2022-03-13 15:17:58,"R_1goJ0y7rk5whjZ7",NA,NA,NA,NA,27.9454956054687,-82.4598007202149,"anonymous","EN","Yes","A2GDN8FCBREM7U",20,"Female",NA,5,6,7,6,85,7,6,7,6,75,5,6,7,5,79,5,6,7,6,77,7,6,6,7,82,6,7,6,7,76,"None of the above","Soccer"
2022-03-13 15:05:31,2022-03-13 15:18:48,"IP Address","68.80.245.165",100,797,TRUE,2022-03-13 15:18:50,"R_10o5ltmYK87pAsi",NA,NA,NA,NA,40.1085968017578,-75.2835006713867,"anonymous","EN","Yes","A4XYCIUGXRTFY",47,"Female",NA,7,4,6,5,82,7,4,6,5,87,7,5,7,4,92,7,3,6,7,89,5,7,4,6,80,5,6,4,6,99,"None of the above","Swimming"
2022-03-13 15:05:40,2022-03-13 15:19:15,"IP Address","72.255.194.153",100,815,TRUE,2022-03-13 15:19:16,"R_DACRD6qvhDB3LQ5",NA,NA,NA,NA,34.6519012451172,-84.3583984375,"anonymous","EN","Yes","A3DQ5VQMUOSZ35",30,"Male",NA,6,6,6,6,77,5,5,6,5,59,4,4,4,4,50,6,5,5,6,73,7,7,7,7,91,6,6,6,6,73,"None of the above","Soccer"
2022-03-13 15:12:26,2022-03-13 15:19:27,"IP Address","163.123.220.135",100,421,TRUE,2022-03-13 15:19:27,"R_eXT3NIUEBQgLG6d",NA,NA,NA,NA,40.9028930664063,-73.8588027954102,"anonymous","EN","Yes","A1FMBULNFIPWMF",27,"Female",NA,7,4,5,6,55,5,5,4,5,55,5,4,5,5,58,5,3,5,5,56,3,5,6,4,56,4,5,4,5,55,"Happy","Baseball"
2022-03-13 15:18:02,2022-03-13 15:20:08,"IP Address","208.218.224.123",100,126,TRUE,2022-03-13 15:20:08,"R_3NQkOVOYQj4UpuB",NA,NA,NA,NA,40.8023071289063,-73.7329025268555,"anonymous","EN","Yes","ALGWAURP5FPLU",30,"Male",NA,6,6,6,3,55,5,5,3,5,64,6,6,6,4,72,5,3,4,3,28,5,6,3,6,77,5,6,5,3,37,"None of the above","Soccer"
2022-03-13 15:12:14,2022-03-13 15:21:14,"IP Address","71.10.163.232",100,540,TRUE,2022-03-13 15:21:15,"R_2EAjwZHY6mRfSC7",NA,NA,NA,NA,38.4138031005859,-90.5589981079102,"anonymous","EN","Yes","A3COOK7KNG28KE",40,"Female",NA,5,6,5,6,71,6,5,6,6,75,5,6,5,6,74,6,5,6,6,79,6,6,5,6,76,5,6,5,6,75,"Satisfied","Baseball"
2022-03-13 15:19:08,2022-03-13 15:21:15,"IP Address","208.218.224.70",100,127,TRUE,2022-03-13 15:21:17,"R_1pZ3d42bgIXNUQI",NA,NA,NA,NA,40.8023071289063,-73.7329025268555,"anonymous","EN","Yes","A18B0U31HORO71",32,"Male",NA,7,7,6,7,100,7,6,5,7,100,7,6,7,6,100,7,6,7,7,100,7,7,7,7,100,7,6,7,7,100,"None of the above","Soccer"
2022-03-13 15:20:59,2022-03-13 15:24:17,"IP Address","208.219.18.35",100,198,TRUE,2022-03-13 15:24:19,"R_1EXKP5G5NbRRyxJ",NA,NA,NA,NA,45.5411071777344,-122.560501098633,"anonymous","EN","Yes","A36J0P94BTS6C1",35,"Male",NA,7,7,7,7,86,7,7,7,7,100,7,7,7,7,90,7,7,7,7,89,7,7,7,7,100,7,7,7,7,90,"Self-Conscious","Soccer"
2022-03-13 15:23:29,2022-03-13 15:25:07,"IP Address","208.218.229.137",100,97,TRUE,2022-03-13 15:25:07,"R_11auhpsBxVUr4zP",NA,NA,NA,NA,39.9703063964844,-75.0616989135742,"anonymous","EN","Yes","A2BT8NZKGHVSGK",32,"Male",NA,7,7,6,7,100,6,7,7,6,77,7,6,7,7,90,5,7,7,7,100,7,6,6,6,73,7,6,7,7,98,"Happy","Soccer"
2022-03-13 15:19:57,2022-03-13 15:25:43,"IP Address","138.219.173.196",100,345,TRUE,2022-03-13 15:25:43,"R_ehzXPzXLWjV2BA5",NA,NA,NA,NA,37.4792022705078,-121.164398193359,"anonymous","EN","Yes","A1HHPRJKPOVRT0",31,"Male",NA,7,6,7,7,100,7,7,6,7,91,7,7,7,7,92,7,7,6,7,49,7,7,7,7,100,5,5,7,6,83,"Happy","Soccer"
2022-03-13 15:20:23,2022-03-13 15:25:49,"IP Address","196.17.79.140",100,326,TRUE,2022-03-13 15:25:49,"R_6DuW3jHKA8W5cs1",NA,NA,NA,NA,41.8874053955078,-87.6317977905273,"anonymous","EN","Yes","A1I6ZPZACMA4KL",25,"Male",NA,5,6,6,6,81,5,6,6,5,92,6,5,6,6,89,6,6,5,6,82,6,5,6,6,92,5,5,6,5,89,"None of the above","Swimming"
2022-03-13 15:22:59,2022-03-13 15:27:21,"IP Address","196.17.64.42",100,261,TRUE,2022-03-13 15:27:21,"R_3neYJVl7nobau92",NA,NA,NA,NA,34.0543975830078,-118.244094848633,"anonymous","EN","Yes","AD96L2NM2AOJI",30,"Male",NA,5,6,5,6,80,6,5,5,6,76,6,5,6,6,75,6,5,6,6,85,6,5,6,6,74,6,6,5,6,71,"Happy","Bowling"
2022-03-13 15:28:43,2022-03-13 15:31:21,"IP Address","208.218.227.121",100,157,TRUE,2022-03-13 15:31:21,"R_1Qo6IcgSxBLemiF",NA,NA,NA,NA,40.8023071289063,-73.7329025268555,"anonymous","EN","Yes","A3PD4AIHN075K9",30,"Male",NA,3,2,4,4,82,2,3,3,6,68,2,3,4,5,65,2,4,3,4,68,3,6,3,4,80,3,5,3,4,82,"None of the above","Baseball"
2022-03-13 15:22:28,2022-03-13 15:31:40,"IP Address","208.218.230.132",100,551,TRUE,2022-03-13 15:31:40,"R_1ikY9z9O079xloo",NA,NA,NA,NA,40.5175018310547,-74.3991012573242,"anonymous","EN","Yes","A3GG0JLATOD4EZ",29,"Male",NA,6,7,6,7,88,7,6,6,6,76,5,7,7,5,79,7,6,7,7,71,7,6,7,7,75,7,6,6,7,80,"None of the above","Soccer"
2022-03-13 15:29:14,2022-03-13 15:31:41,"IP Address","67.247.196.28",100,146,TRUE,2022-03-13 15:31:41,"R_3IaeMgEFmdnTslK",NA,NA,NA,NA,46.6828002929688,-68.0168991088867,"anonymous","EN","Yes","A18T7E73TNGOKP",37,"Male",NA,7,7,7,7,94,4,4,4,4,49,4,4,4,4,50,5,6,5,5,70,5,6,5,5,71,7,6,7,7,90,"None of the above","Soccer"
2022-03-13 15:29:37,2022-03-13 15:33:10,"IP Address","208.218.231.93",100,213,TRUE,2022-03-13 15:33:10,"R_2dW66xN6ODUrWH8",NA,NA,NA,NA,40.5175018310547,-74.3991012573242,"anonymous","EN","Yes","A296XWAQCVRPIX",30,"Male",NA,7,7,6,7,75,6,7,7,6,70,7,7,7,7,74,7,7,7,6,78,7,7,7,7,68,7,7,7,7,79,"None of the above","Soccer"
2022-03-13 15:32:37,2022-03-13 15:34:30,"IP Address","208.219.18.14",100,113,TRUE,2022-03-13 15:34:31,"R_3rOHN39mWPSlQ3n",NA,NA,NA,NA,45.5411071777344,-122.560501098633,"anonymous","EN","Yes","ABE4KQA4DMTWH",36,"Male",NA,7,6,6,7,64,6,6,6,6,70,7,6,7,7,73,7,6,7,7,68,6,7,7,7,73,7,6,6,7,69,"None of the above","Soccer"
2022-03-13 15:29:43,2022-03-13 15:36:03,"IP Address","47.224.50.72",100,379,TRUE,2022-03-13 15:36:03,"R_eWKyxmjKceagv2p",NA,NA,NA,NA,45.6080017089844,-84.486701965332,"anonymous","EN","Yes","A25R2OI9L2Q1OW",45,"Male",NA,7,7,7,7,100,4,4,4,4,50,4,4,4,4,50,7,7,7,7,100,7,7,7,7,100,7,7,7,7,100,"None of the above","Soccer"
2022-03-13 15:32:46,2022-03-13 15:36:24,"IP Address","67.180.106.232",100,217,TRUE,2022-03-13 15:36:25,"R_3e1rsuUQ4KvTnLX",NA,NA,NA,NA,37.2124938964844,-121.864105224609,"anonymous","EN","Yes","A3774HPOUKYTX7",42,"Male",NA,6,7,6,7,91,6,7,6,7,87,6,7,6,6,89,7,7,6,7,96,6,7,6,7,64,6,7,7,7,95,"None of the above","Soccer"
2022-03-13 15:38:24,2022-03-13 15:40:28,"IP Address","208.218.228.17",100,123,TRUE,2022-03-13 15:40:32,"R_3q8qldBfh3QzBGV",NA,NA,NA,NA,39.9703063964844,-75.0616989135742,"anonymous","EN","Yes","A3AI604TMT0O87",32,"Male",NA,5,6,6,6,82,6,7,6,7,74,7,5,7,7,80,6,6,6,6,89,7,4,6,6,76,7,7,6,7,74,"None of the above","Soccer"
2022-03-13 15:30:31,2022-03-13 15:41:50,"IP Address","208.219.18.32",100,678,TRUE,2022-03-13 15:41:50,"R_3hhIOhP32IgA8Ta",NA,NA,NA,NA,45.5411071777344,-122.560501098633,"anonymous","EN","Yes","A3CSIBZTC5EJFB",35,"Male",NA,7,7,7,7,95,7,7,6,7,86,7,7,7,7,97,7,7,7,7,82,7,7,7,7,85,7,7,7,7,94,"Satisfied","Soccer"
2022-03-13 15:41:22,2022-03-13 15:43:22,"IP Address","208.218.225.80",100,120,TRUE,2022-03-13 15:43:23,"R_2wsPWtSoE7yp0Z1",NA,NA,NA,NA,40.8023071289063,-73.7329025268555,"anonymous","EN","Yes","AHP05TI47WRSA",32,"Male",NA,7,6,7,7,73,7,7,6,7,100,5,7,7,6,72,7,7,6,7,96,6,7,6,6,88,7,6,7,7,84,"None of the above","Soccer"
2022-03-13 15:41:22,2022-03-13 15:43:48,"IP Address","172.11.186.1",100,146,TRUE,2022-03-13 15:43:48,"R_3J2wXEZjEq4cYtp",NA,NA,NA,NA,32.5892028808594,-96.9440002441406,"anonymous","EN","Yes","A2OAWO6RO38BMH",26,"Female",NA,7,7,7,7,89,7,7,7,7,80,7,7,7,7,85,7,7,7,7,88,7,7,7,7,90,7,7,7,7,81,"Happy","Swimming"
2022-03-13 15:42:51,2022-03-13 15:45:41,"IP Address","8.46.120.13",100,170,TRUE,2022-03-13 15:45:42,"R_3qERQee9t0c1UHq",NA,NA,NA,NA,40.7597045898438,-73.9810028076172,"anonymous","EN","Yes","A5W40R4FCKLP5",35,"Male",NA,7,6,7,6,90,7,6,6,6,90,7,6,6,6,89,7,6,7,6,85,7,6,7,6,80,7,6,7,5,87,"None of the above","Basketball"
2022-03-13 15:46:05,2022-03-13 15:47:29,"IP Address","75.168.33.5",100,83,TRUE,2022-03-13 15:47:29,"R_2aDLQa4vT7Cj5JK",NA,NA,NA,NA,44.9548034667969,-93.1550979614258,"anonymous","EN","Yes","A2AO90MHX69U5J",26,"Male",NA,7,7,7,7,100,4,4,4,4,50,4,4,4,4,50,7,7,7,7,100,7,7,7,7,100,7,7,7,7,100,"None of the above","Soccer"
2022-03-13 15:46:36,2022-03-13 15:49:25,"IP Address","208.195.28.3",100,169,TRUE,2022-03-13 15:49:26,"R_2aypsA73nrL8VJM",NA,NA,NA,NA,39.2908935546875,-76.6095962524414,"anonymous","EN","Yes","A1OSBGDKOEWLFQ",46,"Male",NA,6,5,4,5,66,6,5,4,6,64,6,6,4,5,81,6,5,6,6,79,6,5,6,6,59,6,5,6,6,78,"Anxious","Soccer"
2022-03-13 15:46:25,2022-03-13 15:49:52,"IP Address","196.17.66.83",100,206,TRUE,2022-03-13 15:49:52,"R_1LedgIEWiJPQfdH",NA,NA,NA,NA,34.0543975830078,-118.244094848633,"anonymous","EN","Yes","A1R8PSI5KUPHRE",25,"Male",NA,5,5,6,6,66,7,6,6,6,50,7,5,6,6,50,5,6,6,6,51,4,6,7,6,64,2,7,7,2,51,"None of the above","Swimming"
2022-03-13 15:46:37,2022-03-13 15:51:29,"IP Address","196.17.76.187",100,292,TRUE,2022-03-13 15:51:29,"R_1OirE5wj4uhBlCV",NA,NA,NA,NA,41.8874053955078,-87.6317977905273,"anonymous","EN","Yes","A162SE8LPXRP3Y",25,"Male",NA,5,6,5,6,50,6,5,6,6,50,6,6,6,5,50,5,6,6,5,50,5,6,6,6,50,6,6,6,5,50,"None of the above","Swimming"
2022-03-13 15:47:12,2022-03-13 15:51:44,"IP Address","47.156.135.191",100,271,TRUE,2022-03-13 15:51:44,"R_1jBP9BM5S7e0SRl",NA,NA,NA,NA,34.0659942626953,-117.892799377441,"anonymous","EN","Yes","A3SGVL69ZBJ9CP",41,"Male",NA,7,7,5,6,95,4,4,4,4,50,4,4,4,4,50,6,6,6,6,85,7,7,6,7,100,7,7,5,7,100,"None of the above","Soccer"
2022-03-13 15:47:43,2022-03-13 15:52:10,"IP Address","208.195.31.237",100,266,TRUE,2022-03-13 15:52:10,"R_1EWB85mxLTxaXsN",NA,NA,NA,NA,39.2908935546875,-76.6095962524414,"anonymous","EN","Yes","A33871D11AHNRN",46,"Female",NA,1,5,4,5,70,3,4,5,5,84,1,4,5,5,88,3,4,5,5,75,2,4,4,5,75,2,4,5,5,79,"None of the above","Baseball"
2022-03-13 15:50:21,2022-03-13 15:52:27,"IP Address","76.219.107.229",100,125,TRUE,2022-03-13 15:52:28,"R_3DeefLQkL2KeHaT",NA,NA,NA,NA,40.1103973388672,-83.1130981445313,"anonymous","EN","Yes","AHKYVHP6591H8",33,"Male",NA,6,7,7,7,74,4,5,4,4,61,4,5,4,4,52,6,6,7,7,92,7,7,6,7,95,7,6,7,6,82,"None of the above","Swimming"
2022-03-13 15:47:51,2022-03-13 15:53:33,"IP Address","196.17.67.7",100,341,TRUE,2022-03-13 15:53:33,"R_1N4SJoQBmhAHkj9",NA,NA,NA,NA,34.0543975830078,-118.244094848633,"anonymous","EN","Yes","GOOD",42,"Male",NA,7,6,7,6,72,7,6,7,6,100,7,6,7,6,66,7,6,7,6,67,7,6,7,6,69,7,6,7,6,72,"Happy","Baseball"
2022-03-13 15:50:05,2022-03-13 15:54:00,"IP Address","196.17.76.144",100,234,TRUE,2022-03-13 15:54:01,"R_xhFiU4c3alV9hex",NA,NA,NA,NA,41.8874053955078,-87.6317977905273,"anonymous","EN","Yes","A34LP7F1UY9L4G",26,"Female",NA,7,6,7,7,48,6,6,7,7,100,7,7,7,7,100,5,6,7,6,88,6,7,6,7,98,6,6,6,7,100,"Happy","Baseball"
2022-03-13 15:55:24,2022-03-13 15:56:32,"IP Address","208.218.229.176",100,67,TRUE,2022-03-13 15:56:32,"R_1LezcZIaUmNgfFR",NA,NA,NA,NA,39.9703063964844,-75.0616989135742,"anonymous","EN","Yes","A3Q9X8CBPHFRTZ",30,"Male",NA,6,6,6,7,61,6,5,4,6,72,5,7,6,6,66,6,6,5,7,62,6,6,6,5,29,6,7,5,4,65,"None of the above","Baseball"
2022-03-13 15:54:32,2022-03-13 15:57:31,"IP Address","196.17.66.225",100,178,TRUE,2022-03-13 15:57:31,"R_Z7QFCanfU2ZAUYp",NA,NA,NA,NA,34.0543975830078,-118.244094848633,"anonymous","EN","Yes","good",33,"Male",NA,7,6,7,6,100,7,6,7,6,100,7,6,7,6,100,7,6,7,6,100,7,6,7,6,100,7,6,7,6,100,"Happy","Basketball"
2022-03-13 15:58:22,2022-03-13 16:01:44,"IP Address","208.218.225.76",100,201,TRUE,2022-03-13 16:01:44,"R_21jMV5nzFhu5ka2",NA,NA,NA,NA,40.8023071289063,-73.7329025268555,"anonymous","EN",NA,"AAA3TK6NUS6O4",30,"Male",NA,7,6,7,7,66,6,7,7,7,80,6,7,7,7,73,6,7,7,7,91,7,6,7,7,78,6,7,7,6,79,"None of the above","Soccer"
2022-03-13 16:02:36,2022-03-13 16:04:39,"IP Address","196.17.77.153",100,123,TRUE,2022-03-13 16:04:39,"R_1kM3qMlGbZc1juh",NA,NA,NA,NA,41.8874053955078,-87.6317977905273,"anonymous","EN","Yes","A3HV408893WN6K",27,"Female",NA,7,7,6,7,48,7,6,7,6,100,7,6,7,6,100,7,7,6,7,49,6,7,7,7,49,7,7,6,7,49,"None of the above","Baseball"
2022-03-13 16:00:08,2022-03-13 16:05:39,"IP Address","99.121.255.26",100,331,TRUE,2022-03-13 16:05:40,"R_3oKHnyooFpIBtxK",NA,NA,NA,NA,32.9163970947266,-117.139297485352,"anonymous","EN","Yes","A3AEDP9RAR9J17",30,"Male",NA,6,7,1,6,85,6,7,1,6,69,7,6,7,3,95,6,7,6,7,84,6,7,2,1,100,2,6,7,7,100,"None of the above","Soccer"
2022-03-13 16:05:58,2022-03-13 16:07:47,"IP Address","71.72.10.120",100,109,TRUE,2022-03-13 16:07:47,"R_3PUipGFLbJDmuVd",NA,NA,NA,NA,41.4600067138672,-82.1747970581055,"anonymous","EN","Yes","AR7YVFSEA4MWY",30,"Male",NA,7,2,1,7,100,7,4,7,7,100,7,1,6,7,100,7,7,1,7,99,7,1,7,5,100,7,1,7,6,100,"None of the above","Soccer"
2022-03-13 16:10:57,2022-03-13 16:12:45,"IP Address","70.113.36.216",100,108,TRUE,2022-03-13 16:12:47,"R_3310NUVga2uWuZB",NA,NA,NA,NA,30.4548034667969,-97.7664031982422,"anonymous","EN","Yes","A3P06TH9UCBQ5B",32,"Female",NA,7,7,6,6,89,6,6,6,6,84,6,6,6,7,96,7,6,6,6,92,6,6,6,6,85,6,7,6,6,88,"Happy","Swimming"
2022-03-13 16:09:13,2022-03-13 16:18:03,"IP Address","196.17.79.83",100,530,TRUE,2022-03-13 16:18:04,"R_1q8QR19dbDFaXuc",NA,NA,NA,NA,41.8874053955078,-87.6317977905273,"anonymous","EN","Yes","A1CZ1T4MVR5DEL",26,"Female",NA,7,7,7,7,62,6,6,7,7,48,7,7,7,7,67,7,7,7,7,76,7,7,7,7,73,7,7,7,6,49,"None of the above","Swimming"
2022-03-13 16:06:16,2022-03-13 16:20:11,"IP Address","73.166.89.198",100,834,TRUE,2022-03-13 16:20:11,"R_vPFr6CjcQsesh6V",NA,NA,NA,NA,29.7438049316406,-95.4421997070313,"anonymous","EN","Yes","A26WVAVVE1RM47",27,"Female",NA,4,3,3,3,47,4,3,4,5,60,5,5,4,5,68,5,6,5,5,60,5,4,4,5,60,5,3,4,4,40,"None of the above","Soccer"
2022-03-13 16:19:10,2022-03-13 16:22:00,"IP Address","157.254.133.84",100,170,TRUE,2022-03-13 16:22:00,"R_2vY6JssyoC0Q3DG",NA,NA,NA,NA,40.4631042480469,-74.3454971313477,"anonymous","EN","Yes","A1DWEZEWL4N45D",41,"Male",NA,7,6,7,6,84,7,6,4,6,81,7,6,5,6,84,6,5,4,5,73,7,6,5,4,82,7,6,5,6,91,"None of the above","Soccer"
2022-03-13 16:43:28,2022-03-13 16:49:11,"IP Address","172.14.118.218",100,343,TRUE,2022-03-13 16:49:12,"R_2B5V51ABCH1jsDk",NA,NA,NA,NA,34.1369934082031,-118.237594604492,"anonymous","EN","Yes","A1BM57TUNAQIXM",37,"Female",NA,7,7,6,7,98,4,4,5,4,56,4,4,4,4,57,5,4,4,4,59,7,7,5,6,95,7,7,6,7,97,"None of the above","Soccer"
2022-03-13 16:56:33,2022-03-13 16:58:51,"IP Address","208.218.224.168",100,137,TRUE,2022-03-13 16:58:51,"R_1etvdKRiPhokhfI",NA,NA,NA,NA,40.8023071289063,-73.7329025268555,"anonymous","EN","Yes","A1EGX1X6V1CSQH",30,"Male",NA,2,4,4,3,68,3,5,3,7,74,3,5,2,5,77,3,5,4,3,63,3,5,3,5,82,3,5,4,4,76,"None of the above","Baseball"
2022-03-13 17:08:41,2022-03-13 17:28:54,"IP Address","208.195.25.97",100,1213,TRUE,2022-03-13 17:28:56,"R_xooWQsMwwNe7yTf",NA,NA,NA,NA,39.2908935546875,-76.6095962524414,"anonymous","EN","Yes","A3JTW3FZIXWLFQ",32,"Female",NA,5,3,4,4,53,4,5,5,4,40,5,4,5,5,55,3,4,4,5,55,4,5,4,5,60,5,4,5,5,58,"None of the above","Swimming"
