"StartDate","EndDate","Progress","Duration (in seconds)","Finished","RecordedDate","ResponseId","RecipientLastName","RecipientFirstName","RecipientEmail","ExternalReference","DistributionChannel","UserLanguage","consentQ","age","gender","gender_4_TEXT","S_M_R_1","S_M_R_2","S_M_R_3","S_M_R_4","S_M_M_1","J_ND1_R_1","J_ND1_R_2","J_ND1_R_3","J_ND1_R_4","J_ND1_M_1","C_ND2_R_1","C_ND2_R_2","C_ND2_R_3","C_ND2_R_4","C_ND2_M_1","F_M_R_1","F_M_R_2","F_M_R_3","F_M_R_4","F_M_M_1","A_M_R_1","A_M_R_2","A_M_R_3","A_M_R_4","A_M_M_1","R_M_R_1","R_M_R_2","R_M_R_3","R_M_R_4","R_M_M_1","attn_chk_1Q","attn_chk_2_Q"
2022-01-31 03:46:31,2022-01-31 03:47:52,100,80,TRUE,2022-01-31 03:47:52,"R_ZwzDyvTwh9Its4h",NA,NA,NA,NA,"preview","EN","Yes",NA,NA,NA,7,6,7,7,58,1,2,2,3,43,2,2,2,3,34,2,2,2,1,44,2,3,4,5,33,6,6,7,7,68,"None of the above","Soccer"
2022-01-31 06:30:06,2022-01-31 06:42:29,100,743,TRUE,2022-01-31 06:42:29,"R_3FOFvF9AfNd2C2G",NA,NA,NA,NA,"anonymous","EN","Yes",NA,NA,NA,3,2,3,3,43,1,1,2,3,60,1,2,2,1,59,4,5,6,6,59,2,3,3,3,45,5,5,5,5,55,"None of the above","Soccer"
2022-01-31 06:45:25,2022-01-31 06:47:26,100,120,TRUE,2022-01-31 06:47:26,"R_6gHCGsTwFCbH5qV",NA,NA,NA,NA,"anonymous","EN","Yes",51,"Female",NA,6,5,5,6,81,4,5,5,4,72,5,6,6,6,51,5,6,6,6,65,5,5,6,6,69,6,5,5,5,65,"None of the above","Soccer"
2022-01-31 06:45:02,2022-01-31 06:47:27,100,145,TRUE,2022-01-31 06:47:27,"R_3PnuR7PylnNpXrt",NA,NA,NA,NA,"anonymous","EN","Yes",39,"Female",NA,1,2,2,2,5,5,5,6,5,77,5,5,5,6,66,3,2,4,2,10,1,1,3,1,7,2,2,1,2,8,"None of the above","Soccer"
2022-01-31 06:45:58,2022-01-31 06:48:21,100,143,TRUE,2022-01-31 06:48:21,"R_2EnrYyc7pjEO6ZK",NA,NA,NA,NA,"anonymous","EN","Yes",29,"Male",NA,2,2,3,3,25,5,4,6,4,72,5,5,6,4,70,2,1,4,4,30,2,2,4,3,20,1,1,1,3,5,"None of the above","Soccer"
2022-01-31 06:46:06,2022-01-31 06:48:33,100,147,TRUE,2022-01-31 06:48:34,"R_3kMUGOJcj9TaWev",NA,NA,NA,NA,"anonymous","EN","Yes",28,"Male",NA,5,2,4,4,59,6,7,7,5,47,4,2,2,5,56,4,2,2,4,55,3,2,3,2,55,1,6,6,5,44,"None of the above","Swimming"
2022-01-31 06:45:38,2022-01-31 06:48:33,100,175,TRUE,2022-01-31 06:48:34,"R_3Kr0QHEawxakSPF",NA,NA,NA,NA,"anonymous","EN","Yes",28,"Male",NA,3,2,3,3,23,5,4,5,5,60,4,5,4,4,53,3,2,3,3,25,3,2,2,1,20,1,1,2,1,7,"None of the above","Swimming"
2022-01-31 06:45:14,2022-01-31 06:48:38,100,203,TRUE,2022-01-31 06:48:38,"R_1FzXASTgVLcz34v",NA,NA,NA,NA,"anonymous","EN","Yes",43,"Male",NA,2,2,3,2,20,5,5,5,5,75,5,5,5,5,75,2,2,4,2,25,2,2,4,2,20,2,2,2,2,20,"None of the above","Soccer"
2022-01-31 06:45:47,2022-01-31 06:48:57,100,190,TRUE,2022-01-31 06:48:58,"R_3HXDeLC02Q8ivgo",NA,NA,NA,NA,"anonymous","EN","Yes",48,"Male",NA,6,5,6,5,92,6,5,6,5,74,5,6,5,4,64,5,6,5,4,75,4,5,6,5,73,5,6,5,4,73,"None of the above","Soccer"
2022-01-31 06:44:59,2022-01-31 06:49:07,100,248,TRUE,2022-01-31 06:49:08,"R_DCyCCDcp6tg03kJ",NA,NA,NA,NA,"anonymous","EN","Yes",39,"Female",NA,1,1,1,1,0,5,5,5,5,69,5,5,5,5,71,2,2,2,2,16,2,2,2,2,1,1,1,1,1,0,"None of the above","Soccer"
2022-01-31 06:46:34,2022-01-31 06:49:07,100,153,TRUE,2022-01-31 06:49:08,"R_3MosIQuJh5QRLmF",NA,NA,NA,NA,"anonymous","EN","Yes",29,"Male",NA,7,7,7,7,100,7,7,7,7,100,7,7,7,7,100,7,7,7,7,100,7,7,7,7,100,7,7,7,7,100,"Satisfied","Basketball"
2022-01-31 06:45:38,2022-01-31 06:49:13,100,215,TRUE,2022-01-31 06:49:14,"R_UX4tM1gC26WmMVP",NA,NA,NA,NA,"anonymous","EN","Yes",42,"Male",NA,2,2,2,2,15,4,3,4,4,40,4,3,4,4,40,3,3,4,4,35,3,3,4,3,30,1,1,1,1,0,"None of the above","Soccer"
2022-01-31 06:45:46,2022-01-31 06:49:14,100,207,TRUE,2022-01-31 06:49:15,"R_3338clEAvXhnNLz",NA,NA,NA,NA,"anonymous","EN","Yes",29,"Male",NA,7,6,7,6,100,7,6,7,6,96,7,6,7,6,100,7,6,7,6,94,7,6,7,6,91,7,6,7,6,93,"Happy","Basketball"
2022-01-31 06:46:28,2022-01-31 06:49:15,100,167,TRUE,2022-01-31 06:49:15,"R_1DqJm2GkCcHKhD3",NA,NA,NA,NA,"anonymous","EN","Yes",47,"Male",NA,5,6,5,6,65,5,6,5,5,77,6,7,5,6,89,6,5,5,7,48,6,7,5,6,71,6,7,6,5,61,"Happy","Baseball"
2022-01-31 06:46:10,2022-01-31 06:49:17,100,187,TRUE,2022-01-31 06:49:18,"R_2sXgeqRhJDv6Wdh",NA,NA,NA,NA,"anonymous","EN","Yes",35,"Female",NA,5,6,7,6,82,6,7,6,7,85,6,7,6,7,84,5,6,7,6,83,5,6,7,6,84,5,7,6,6,84,"Happy","Bowling"
2022-01-31 06:45:47,2022-01-31 06:49:21,100,214,TRUE,2022-01-31 06:49:21,"R_2DP2f9dDQ3GB4Pw",NA,NA,NA,NA,"anonymous","EN","Yes",46,"Male",NA,1,1,1,1,7,4,4,4,4,50,4,4,4,4,50,3,3,4,3,36,2,2,4,2,24,2,2,1,2,14,"None of the above","Soccer"
2022-01-31 06:46:16,2022-01-31 06:49:25,100,189,TRUE,2022-01-31 06:49:25,"R_1DXVEkEtwgowroo",NA,NA,NA,NA,"anonymous","EN","Yes",33,"Female",NA,5,6,5,5,78,5,6,5,5,76,6,6,5,5,72,6,5,5,4,77,5,6,6,5,76,5,6,5,5,73,"None of the above","Soccer"
2022-01-31 06:46:02,2022-01-31 06:49:28,100,206,TRUE,2022-01-31 06:49:28,"R_1H15fjmpqoKXHa2",NA,NA,NA,NA,"anonymous","EN","Yes",25,"Male",NA,7,5,6,6,88,5,7,6,6,75,6,7,6,6,77,7,5,6,6,85,5,6,6,6,78,5,7,6,6,88,"None of the above","Soccer"
2022-01-31 06:46:51,2022-01-31 06:49:29,100,157,TRUE,2022-01-31 06:49:29,"R_2905V7vE4I1tzbQ",NA,NA,NA,NA,"anonymous","EN","Yes",26,"Male",NA,5,4,5,5,57,5,5,3,5,66,5,4,5,5,65,4,5,5,4,56,5,4,5,6,59,6,5,4,5,61,"Satisfied","Soccer"
2022-01-31 06:46:55,2022-01-31 06:49:30,100,154,TRUE,2022-01-31 06:49:31,"R_cSkgpxyMjTiauu5",NA,NA,NA,NA,"anonymous","EN","Yes",30,"Male",NA,4,5,5,4,60,4,5,6,4,60,5,6,4,4,60,5,6,7,6,56,6,7,6,4,70,6,7,6,5,60,"None of the above","Basketball"
2022-01-31 06:46:05,2022-01-31 06:49:30,100,205,TRUE,2022-01-31 06:49:31,"R_xbKn7SEoJOJhpAd",NA,NA,NA,NA,"anonymous","EN","Yes",26,"Male",NA,3,2,4,3,30,4,4,6,4,65,4,4,6,4,60,3,3,4,4,40,3,1,2,2,15,3,2,1,2,20,"None of the above","Soccer"
2022-01-31 06:46:31,2022-01-31 06:49:36,100,184,TRUE,2022-01-31 06:49:36,"R_3hbVwNJTZXCi7XW",NA,NA,NA,NA,"anonymous","EN","Yes",40,"Female",NA,1,1,1,1,0,6,6,7,7,95,6,6,6,6,85,1,1,1,1,0,1,1,1,1,1,2,1,1,2,1,"None of the above","Swimming"
2022-01-31 06:46:50,2022-01-31 06:49:36,100,166,TRUE,2022-01-31 06:49:36,"R_6XSF18k607z5KHD",NA,NA,NA,NA,"anonymous","EN","Yes",25,"Male",NA,7,7,7,7,100,7,7,7,7,100,7,7,7,7,100,7,7,7,7,100,7,7,7,7,93,7,7,7,7,98,"Happy","Basketball"
2022-01-31 06:46:37,2022-01-31 06:49:38,100,181,TRUE,2022-01-31 06:49:38,"R_T5A4pOy4RT9aACd",NA,NA,NA,NA,"anonymous","EN","Yes",31,"Male",NA,7,7,7,7,98,7,7,7,7,97,7,7,7,7,96,7,7,7,7,96,7,7,7,7,96,7,7,7,7,95,"None of the above","Soccer"
2022-01-31 06:45:57,2022-01-31 06:49:44,100,227,TRUE,2022-01-31 06:49:44,"R_vBK0zKV8l7Y6d1f",NA,NA,NA,NA,"anonymous","EN","Yes",48,"Female",NA,3,5,5,6,85,3,5,6,5,80,4,5,6,4,67,3,4,5,6,74,4,5,5,4,82,3,4,5,6,70,"None of the above","Baseball"
2022-01-31 06:46:04,2022-01-31 06:49:47,100,222,TRUE,2022-01-31 06:49:47,"R_0J66zmXywj9RLK9",NA,NA,NA,NA,"anonymous","EN","Yes",32,"Female",NA,3,4,5,4,100,2,4,5,4,68,3,4,5,4,84,3,4,5,4,100,3,4,5,4,75,3,4,5,4,94,"None of the above","Soccer"
2022-01-31 06:45:57,2022-01-31 06:49:47,100,230,TRUE,2022-01-31 06:49:47,"R_3PjLyZSEOWsTFuj",NA,NA,NA,NA,"anonymous","EN","Yes",30,"Female",NA,6,7,5,6,83,7,6,5,6,79,4,5,6,4,66,6,5,6,7,63,6,5,5,6,57,6,5,6,7,68,"None of the above","Soccer"
2022-01-31 06:47:39,2022-01-31 06:49:51,100,132,TRUE,2022-01-31 06:49:52,"R_5aNd9MyQ5RxHpId",NA,NA,NA,NA,"anonymous","EN","Yes",48,"Female",NA,5,6,5,5,80,6,3,2,3,80,5,6,5,5,69,5,6,5,5,75,5,6,5,5,74,5,6,6,5,81,"None of the above","Basketball"
2022-01-31 06:46:44,2022-01-31 06:49:52,100,188,TRUE,2022-01-31 06:49:52,"R_1rAOs6RqakJdkL8",NA,NA,NA,NA,"anonymous","EN","Yes",26,"Male",NA,5,6,2,7,50,4,5,4,3,50,3,6,5,4,50,1,5,6,4,50,4,6,7,3,100,5,2,4,6,50,"None of the above","Soccer"
2022-01-31 06:46:12,2022-01-31 06:50:04,100,231,TRUE,2022-01-31 06:50:05,"R_SNJKFw9DC8IFUtj",NA,NA,NA,NA,"anonymous","EN","Yes",56,"Male",NA,6,7,6,5,66,6,7,6,4,70,7,6,5,6,71,5,7,6,4,71,5,7,6,5,64,5,6,6,4,70,"None of the above","Baseball"
2022-01-31 06:47:57,2022-01-31 06:50:05,100,128,TRUE,2022-01-31 06:50:05,"R_30cTFvBwJnKjZ6H",NA,NA,NA,NA,"anonymous","EN","Yes",48,"Male",NA,4,5,4,5,77,4,5,5,5,67,4,5,4,6,74,4,5,4,5,71,4,5,4,5,67,4,5,4,5,65,"None of the above","Soccer"
2022-01-31 06:45:36,2022-01-31 06:50:07,100,271,TRUE,2022-01-31 06:50:08,"R_a5US9emhxy4nyEN",NA,NA,NA,NA,"anonymous","EN","Yes",42,"Male",NA,2,2,4,3,10,4,4,4,4,50,4,4,4,4,50,2,2,4,3,12,1,1,1,1,3,1,1,1,1,3,"None of the above","Soccer"
2022-01-31 06:46:26,2022-01-31 06:50:09,100,222,TRUE,2022-01-31 06:50:09,"R_3pa6k5zMq9jQogs",NA,NA,NA,NA,"anonymous","EN","Yes",48,"Female",NA,6,5,6,6,80,6,5,6,5,78,5,6,5,6,77,6,5,6,6,83,6,5,6,5,72,5,6,7,6,87,"None of the above","Soccer"
2022-01-31 06:45:56,2022-01-31 06:50:09,100,253,TRUE,2022-01-31 06:50:10,"R_3oZO7cyNweUz0TA",NA,NA,NA,NA,"anonymous","EN","Yes",27,"Male",NA,1,1,2,2,5,4,4,4,4,50,4,4,4,4,50,1,1,3,4,20,1,1,2,1,0,1,1,1,1,0,"None of the above","Soccer"
2022-01-31 06:45:54,2022-01-31 06:50:11,100,257,TRUE,2022-01-31 06:50:11,"R_WkRQk7ugHNLXHW1",NA,NA,NA,NA,"anonymous","EN","Yes",48,"Male",NA,7,6,6,7,72,7,6,7,7,73,7,6,6,7,81,7,6,5,6,86,7,6,5,6,0,7,6,5,5,81,"Happy","Baseball"
2022-01-31 06:46:23,2022-01-31 06:50:17,100,233,TRUE,2022-01-31 06:50:17,"R_3KHcHgJlxyoILW9",NA,NA,NA,NA,"anonymous","EN","Yes",24,"Female",NA,6,5,6,5,83,6,5,6,5,89,6,5,6,5,85,6,5,6,5,83,6,5,6,5,82,6,5,5,6,83,"Sad","Basketball"
2022-01-31 06:46:30,2022-01-31 06:50:17,100,227,TRUE,2022-01-31 06:50:17,"R_273FtY9olgnrzap",NA,NA,NA,NA,"anonymous","EN","Yes",42,"Male",NA,1,2,3,2,17,4,4,4,4,50,4,4,4,4,50,2,2,2,2,30,2,2,2,2,25,2,2,2,2,29,"None of the above","Soccer"
2022-01-31 06:46:25,2022-01-31 06:50:18,100,233,TRUE,2022-01-31 06:50:19,"R_Ce6AaReH1PfZDH3",NA,NA,NA,NA,"anonymous","EN","Yes",45,"Female",NA,5,6,7,6,75,4,5,7,7,67,5,6,6,7,78,5,7,6,5,70,4,5,6,7,81,4,6,4,4,66,"None of the above","Swimming"
2022-01-31 06:45:56,2022-01-31 06:50:19,100,262,TRUE,2022-01-31 06:50:19,"R_1n6oQo48Ui7otsZ",NA,NA,NA,NA,"anonymous","EN","Yes",25,"Male",NA,5,6,7,7,81,7,6,5,6,86,6,7,7,6,80,7,6,7,7,90,7,6,7,6,81,7,6,5,6,87,"None of the above","Basketball"
2022-01-31 06:47:52,2022-01-31 06:50:21,100,149,TRUE,2022-01-31 06:50:22,"R_2ccrYxGlz48Zzsb",NA,NA,NA,NA,"anonymous","EN","Yes",44,"Female",NA,3,3,4,3,37,6,5,5,5,80,5,5,5,5,82,1,1,3,2,21,1,1,3,2,16,1,1,1,1,10,"None of the above","Swimming"
2022-01-31 06:48:00,2022-01-31 06:50:22,100,142,TRUE,2022-01-31 06:50:22,"R_2sc1ZhTTKyMfucw",NA,NA,NA,NA,"anonymous","EN","Yes",30,"Male",NA,5,6,5,4,79,6,5,4,5,77,5,4,6,5,72,5,6,5,4,76,6,5,4,5,67,6,5,6,5,82,"None of the above","Swimming"
2022-01-31 06:46:35,2022-01-31 06:50:21,100,226,TRUE,2022-01-31 06:50:23,"R_rojYodfsBZNjxZf",NA,NA,NA,NA,"anonymous","EN","Yes",40,"Female",NA,5,5,6,5,69,5,6,6,7,61,4,5,5,6,66,6,7,6,7,66,7,6,6,5,68,6,6,7,6,74,"None of the above","Soccer"
2022-01-31 06:46:58,2022-01-31 06:50:27,100,208,TRUE,2022-01-31 06:50:27,"R_UuzIvQ60YRv7Jnj",NA,NA,NA,NA,"anonymous","EN","Yes",25,"Female",NA,6,4,6,7,81,6,4,6,7,75,6,4,6,7,81,7,5,4,6,79,5,6,4,6,71,5,4,6,7,81,"None of the above","Basketball"
2022-01-31 06:46:46,2022-01-31 06:50:30,100,223,TRUE,2022-01-31 06:50:30,"R_7ZYqdUv33jyd5YZ",NA,NA,NA,NA,"anonymous","EN","Yes",46,"Female",NA,1,1,3,1,0,4,4,4,4,50,4,4,4,4,50,1,1,4,2,0,1,2,4,1,0,1,1,1,1,0,"None of the above","Soccer"
2022-01-31 06:48:25,2022-01-31 06:50:32,100,126,TRUE,2022-01-31 06:50:32,"R_1EXV621IE7HJ98G",NA,NA,NA,NA,"anonymous","EN","Yes",35,"Male",NA,1,1,1,1,0,4,4,4,4,50,4,4,4,4,50,1,1,1,1,0,1,1,1,1,0,1,1,1,1,0,"None of the above","Soccer"
2022-01-31 06:46:32,2022-01-31 06:50:32,100,240,TRUE,2022-01-31 06:50:33,"R_2alFgA2oXZuDmtl",NA,NA,NA,NA,"anonymous","EN","Yes",31,"Female",NA,7,6,5,7,89,6,7,6,6,81,6,7,6,6,81,6,7,7,6,72,6,7,6,6,77,6,6,6,7,77,"Happy","Baseball"
2022-01-31 06:46:47,2022-01-31 06:50:35,100,227,TRUE,2022-01-31 06:50:35,"R_Q3tySbq6abjJZn3",NA,NA,NA,NA,"anonymous","EN","Yes",55,"Male",NA,5,6,3,5,82,7,7,7,7,100,7,7,7,7,100,1,6,2,2,36,4,6,7,6,88,1,5,1,2,88,"Happy","Basketball"
2022-01-31 06:46:41,2022-01-31 06:50:35,100,233,TRUE,2022-01-31 06:50:35,"R_268UkusSPdR2odr",NA,NA,NA,NA,"anonymous","EN","Yes",30,"Female",NA,6,6,7,7,83,7,7,6,6,89,6,6,7,7,84,6,7,7,6,89,6,6,7,6,77,7,7,6,7,84,"None of the above","Soccer"
2022-01-31 06:46:54,2022-01-31 06:50:39,100,224,TRUE,2022-01-31 06:50:39,"R_1kYSH8lPi4wWCUO",NA,NA,NA,NA,"anonymous","EN","Yes",35,"Male",NA,6,7,6,7,80,6,7,6,7,91,6,7,7,6,91,6,7,6,7,91,6,7,6,6,83,6,7,6,7,84,"Happy","Soccer"
2022-01-31 06:46:41,2022-01-31 06:50:47,100,245,TRUE,2022-01-31 06:50:47,"R_TbCRX7TlnROLGet",NA,NA,NA,NA,"anonymous","EN","Yes",29,"Male",NA,7,7,7,7,100,7,7,7,7,100,7,7,7,7,100,7,7,7,7,100,7,7,7,7,100,7,7,7,7,100,"None of the above","Basketball"
2022-01-31 06:46:23,2022-01-31 06:50:48,100,265,TRUE,2022-01-31 06:50:49,"R_6mUzbRAkmTXtFqp",NA,NA,NA,NA,"anonymous","EN","Yes",33,"Male",NA,5,4,6,5,69,4,6,5,6,68,4,6,5,5,72,4,5,4,5,75,5,4,6,5,64,4,5,5,6,65,"None of the above","Basketball"
2022-01-31 06:46:24,2022-01-31 06:50:51,100,266,TRUE,2022-01-31 06:50:51,"R_Rt0GFJJtYkSGskp",NA,NA,NA,NA,"anonymous","EN","Yes",48,"Female",NA,4,5,6,5,71,5,4,5,6,75,4,5,4,5,76,5,6,5,6,74,5,4,5,6,72,5,6,5,4,75,"Satisfied","Basketball"
2022-01-31 06:46:18,2022-01-31 06:50:56,100,278,TRUE,2022-01-31 06:50:56,"R_2Y4wK1yLDvjKNuI",NA,NA,NA,NA,"anonymous","EN","Yes",59,"Male",NA,2,1,2,2,13,6,6,6,6,93,5,6,6,6,92,2,2,3,3,19,2,2,2,2,13,2,2,2,3,14,"None of the above","Swimming"
2022-01-31 06:48:18,2022-01-31 06:50:57,100,159,TRUE,2022-01-31 06:50:58,"R_1Lp93na9UhI9SQR",NA,NA,NA,NA,"anonymous","EN","Yes",35,"Male",NA,4,5,6,5,55,3,4,4,5,60,3,5,5,6,62,3,4,4,5,67,3,3,4,4,66,4,3,5,5,66,"None of the above","Soccer"
2022-01-31 06:48:04,2022-01-31 06:50:59,100,175,TRUE,2022-01-31 06:50:59,"R_T6HtGOPZryc9X8t",NA,NA,NA,NA,"anonymous","EN","Yes",30,"Female",NA,6,4,5,6,85,6,4,5,6,91,6,4,5,6,65,6,5,6,4,94,6,3,4,6,90,6,5,6,5,78,"Self-Conscious","Basketball"
2022-01-31 06:46:23,2022-01-31 06:50:59,100,276,TRUE,2022-01-31 06:51:00,"R_10JdGplbTqYQYXH",NA,NA,NA,NA,"anonymous","EN","Yes",30,"Female",NA,6,6,5,6,58,6,5,5,6,55,5,6,6,5,60,6,6,6,5,62,5,5,6,6,60,5,5,6,6,57,"None of the above","Baseball"
2022-01-31 06:46:30,2022-01-31 06:51:00,100,269,TRUE,2022-01-31 06:51:00,"R_2YVvkpqIwSzKKCu",NA,NA,NA,NA,"anonymous","EN","Yes",48,"Male",NA,7,6,7,6,90,6,5,7,6,90,7,6,7,6,91,6,5,7,6,89,7,7,6,7,92,7,6,5,6,90,"None of the above","Swimming"
2022-01-31 06:46:35,2022-01-31 06:51:01,100,265,TRUE,2022-01-31 06:51:01,"R_33kUsjMu7AZEyvD",NA,NA,NA,NA,"anonymous","EN","Yes",27,"Female",NA,7,5,6,7,71,6,5,7,6,83,7,5,6,7,71,7,5,6,7,71,7,5,6,5,62,7,5,6,7,83,"None of the above","Swimming"
2022-01-31 06:48:02,2022-01-31 06:51:01,100,178,TRUE,2022-01-31 06:51:01,"R_29jp5wDCleFKRDQ",NA,NA,NA,NA,"anonymous","EN","Yes",34,"Male",NA,1,1,1,1,0,4,4,4,4,50,4,4,4,4,50,1,1,1,1,0,1,1,1,1,50,1,1,1,1,0,"None of the above","Soccer"
2022-01-31 06:46:09,2022-01-31 06:51:02,100,292,TRUE,2022-01-31 06:51:02,"R_yjr7ehAbHceumid",NA,NA,NA,NA,"anonymous","EN","Yes",37,"Male",NA,2,2,3,2,25,5,5,6,5,65,5,5,6,5,65,3,2,5,4,35,2,1,3,2,20,1,1,1,1,5,"None of the above","Soccer"
2022-01-31 06:46:55,2022-01-31 06:51:07,100,251,TRUE,2022-01-31 06:51:08,"R_3O1YaVFfQrapyuB",NA,NA,NA,NA,"anonymous","EN","Yes",36,"Male",NA,7,6,7,7,90,6,6,7,5,82,6,7,6,6,83,6,5,6,6,85,7,6,6,7,86,7,6,7,7,77,"None of the above","Soccer"
2022-01-31 06:46:21,2022-01-31 06:51:13,100,291,TRUE,2022-01-31 06:51:13,"R_2WU1nfcYFcWev1K",NA,NA,NA,NA,"anonymous","EN","Yes",30,"Female",NA,7,7,7,7,89,7,7,7,7,85,7,7,7,7,88,7,7,7,7,91,7,7,7,7,84,7,7,7,7,90,"None of the above","Soccer"
2022-01-31 06:46:53,2022-01-31 06:51:13,100,260,TRUE,2022-01-31 06:51:13,"R_9KWu0tIOKaegrTj",NA,NA,NA,NA,"anonymous","EN","Yes",31,"Male",NA,1,2,1,1,8,6,7,7,6,85,6,5,6,6,82,1,1,1,1,4,2,2,1,1,3,1,2,1,1,6,"None of the above","Soccer"
2022-01-31 06:46:12,2022-01-31 06:51:14,100,302,TRUE,2022-01-31 06:51:14,"R_1rrDaJn0l2V2wOv",NA,NA,NA,NA,"anonymous","EN","Yes",48,"Male",NA,7,6,7,6,90,7,6,7,6,91,7,6,7,6,92,7,6,7,6,91,7,6,7,7,94,7,6,7,7,84,"None of the above","Soccer"
2022-01-31 06:46:28,2022-01-31 06:51:23,100,294,TRUE,2022-01-31 06:51:23,"R_3O7GQiAOPDvTwwB",NA,NA,NA,NA,"anonymous","EN","Yes",32,"Male",NA,7,6,7,6,66,6,6,7,6,71,7,7,7,7,67,7,7,6,7,66,6,7,7,6,67,7,7,7,5,65,"Happy","Soccer"
2022-01-31 06:49:19,2022-01-31 06:51:23,100,123,TRUE,2022-01-31 06:51:23,"R_3PvFOp2yhcHD5nz",NA,NA,NA,NA,"anonymous","EN","Yes",48,"Female",NA,4,5,6,7,77,4,5,6,7,70,4,4,6,7,77,4,5,6,7,72,4,5,6,7,73,4,5,6,7,73,"None of the above","Soccer"
2022-01-31 06:46:47,2022-01-31 06:51:25,100,277,TRUE,2022-01-31 06:51:25,"R_3lM0ESyhR7MP0JC",NA,NA,NA,NA,"anonymous","EN","Yes",31,"Female",NA,2,3,4,5,65,4,4,5,5,67,4,5,6,2,79,4,5,4,4,64,3,4,5,6,63,5,4,5,2,74,"None of the above","Soccer"
2022-01-31 06:45:59,2022-01-31 06:51:24,100,325,TRUE,2022-01-31 06:51:25,"R_25FLHAZe208XClQ",NA,NA,NA,NA,"anonymous","EN","Yes",29,"Male",NA,1,1,1,2,42,5,7,6,5,74,6,7,6,7,88,1,2,4,3,42,3,2,4,4,45,1,3,1,1,46,"None of the above","Swimming"
2022-01-31 06:49:46,2022-01-31 06:51:25,100,99,TRUE,2022-01-31 06:51:25,"R_3LZmedqtjRVrBqb",NA,NA,NA,NA,"anonymous","EN","Yes",25,"Female",NA,6,5,7,7,85,6,4,5,5,74,7,6,7,7,92,5,6,5,5,77,5,4,4,6,73,5,4,7,6,74,"None of the above","Swimming"
2022-01-31 06:48:39,2022-01-31 06:51:27,100,167,TRUE,2022-01-31 06:51:28,"R_3FPg7tAuFskb8eE",NA,NA,NA,NA,"anonymous","EN","Yes",48,"Female",NA,4,6,5,4,82,4,6,5,6,75,4,7,4,5,90,4,6,4,6,77,4,6,5,4,95,4,6,5,6,93,"None of the above","Basketball"
2022-01-31 06:47:20,2022-01-31 06:51:32,100,251,TRUE,2022-01-31 06:51:32,"R_33pwqan8pja65YC",NA,NA,NA,NA,"anonymous","EN","Yes",32,"Male",NA,7,6,6,7,83,7,7,7,6,80,7,6,6,7,69,7,6,5,6,64,7,6,6,7,86,7,6,6,7,82,"None of the above","Basketball"
2022-01-31 06:48:03,2022-01-31 06:51:33,100,210,TRUE,2022-01-31 06:51:34,"R_1IsyClU59A1bUdJ",NA,NA,NA,NA,"anonymous","EN","Yes",30,"Female",NA,3,4,4,5,77,2,3,5,6,76,3,5,4,3,73,3,4,2,5,37,6,3,5,5,77,3,4,4,5,83,"Happy","Basketball"
2022-01-31 06:48:24,2022-01-31 06:51:39,100,194,TRUE,2022-01-31 06:51:39,"R_tQaQsSvFSKlRo4N",NA,NA,NA,NA,"anonymous","EN","Yes",48,"Female",NA,5,6,5,4,76,6,5,6,5,73,5,6,5,5,67,6,4,5,5,75,6,5,6,5,69,5,6,5,4,65,"None of the above","Soccer"
2022-01-31 06:45:54,2022-01-31 06:51:53,100,358,TRUE,2022-01-31 06:51:53,"R_2RPqfpO94T8e6JO",NA,NA,NA,NA,"anonymous","EN","Yes",30,"Female",NA,7,7,7,6,93,7,6,7,7,96,7,6,6,7,92,7,6,7,7,93,7,6,7,7,91,7,6,7,7,93,"Satisfied","Basketball"
2022-01-31 06:47:10,2022-01-31 06:51:54,100,283,TRUE,2022-01-31 06:51:54,"R_2bNavbwXt5eXhyE",NA,NA,NA,NA,"anonymous","EN","Yes",63,"Male",NA,6,7,6,5,69,5,6,7,5,82,6,5,6,6,74,6,7,5,6,74,7,6,7,5,66,6,7,5,7,65,"None of the above","Baseball"
2022-01-31 06:48:36,2022-01-31 06:52:03,100,206,TRUE,2022-01-31 06:52:03,"R_10B3i9WvDwoDeMB",NA,NA,NA,NA,"anonymous","EN","Yes",41,"Female",NA,3,4,5,5,50,3,4,5,5,51,4,5,4,5,59,4,5,5,4,58,4,5,4,5,59,3,4,5,5,50,"None of the above","Basketball"
2022-01-31 06:47:12,2022-01-31 06:52:07,100,294,TRUE,2022-01-31 06:52:07,"R_1GCjxx8yMTS9lmx",NA,NA,NA,NA,"anonymous","EN","Yes",40,"Male",NA,1,1,1,1,0,4,4,4,4,50,4,4,4,4,50,1,1,1,1,0,1,1,1,1,0,1,1,1,1,0,"None of the above","Soccer"
2022-01-31 06:50:08,2022-01-31 06:52:20,100,132,TRUE,2022-01-31 06:52:22,"R_AaMF52qi8emS8dX",NA,NA,NA,NA,"anonymous","EN","Yes",66,"Male",NA,5,6,5,5,66,5,5,6,6,62,5,5,5,6,63,4,5,6,6,61,5,5,5,5,72,6,5,5,6,63,"None of the above","Soccer"
2022-01-31 06:45:44,2022-01-31 06:52:23,100,398,TRUE,2022-01-31 06:52:23,"R_3n0mwTAlKEsEfEW",NA,NA,NA,NA,"anonymous","EN","Yes",26,"Female",NA,5,6,5,6,69,6,5,6,6,75,5,6,5,6,75,5,6,5,6,81,5,6,5,6,77,5,6,5,6,83,"Happy","Soccer"
2022-01-31 06:48:58,2022-01-31 06:52:23,100,205,TRUE,2022-01-31 06:52:23,"R_3KvVKgfzPrzp7nR",NA,NA,NA,NA,"anonymous","EN","Yes",36,"Female",NA,3,4,6,6,74,2,3,4,5,72,2,3,4,5,88,3,4,5,6,75,3,4,5,6,74,2,3,4,5,78,"None of the above","Basketball"
2022-01-31 06:47:37,2022-01-31 06:52:27,100,290,TRUE,2022-01-31 06:52:27,"R_qUx34EjngwwMEo1",NA,NA,NA,NA,"anonymous","EN","Yes",27,"Male",NA,6,7,6,7,70,6,7,6,7,82,7,6,7,6,99,4,5,5,4,74,2,3,2,2,25,6,6,5,4,76,"Happy","Swimming"
2022-01-31 06:49:04,2022-01-31 06:52:29,100,205,TRUE,2022-01-31 06:52:30,"R_1oIvjGdbf0HevVD",NA,NA,NA,NA,"anonymous","EN","Yes",40,"Male",NA,7,6,6,7,93,7,6,6,7,96,7,6,7,7,97,7,6,6,7,94,6,7,6,6,95,7,6,7,7,95,"None of the above","Baseball"
2022-01-31 06:47:25,2022-01-31 06:52:36,100,311,TRUE,2022-01-31 06:52:37,"R_D6N1lm405WXqTnz",NA,NA,NA,NA,"anonymous","EN","Yes",56,"Female",NA,3,3,4,2,23,5,4,4,5,65,5,4,5,4,61,3,3,3,4,38,3,4,4,3,34,2,2,2,1,12,"None of the above","Swimming"
2022-01-31 06:47:35,2022-01-31 06:52:38,100,303,TRUE,2022-01-31 06:52:39,"R_2rSpgNyijKYCazh",NA,NA,NA,NA,"anonymous","EN","Yes",39,"Male",NA,6,7,7,6,80,7,7,6,6,88,6,6,6,6,80,6,6,7,6,88,6,6,7,6,82,6,6,7,6,95,"Happy","Soccer"
2022-01-31 06:50:47,2022-01-31 06:52:39,100,112,TRUE,2022-01-31 06:52:40,"R_DcMadACsAXCutVv",NA,NA,NA,NA,"anonymous","EN","Yes",25,"Female",NA,7,6,5,6,84,7,6,6,5,83,7,6,6,7,83,7,6,6,5,88,7,6,6,5,84,7,6,6,7,83,"None of the above","Basketball"
2022-01-31 06:51:03,2022-01-31 06:52:44,100,100,TRUE,2022-01-31 06:52:44,"R_25ud3YoXXIUrB8l",NA,NA,NA,NA,"anonymous","EN","Yes",48,"Male",NA,4,4,4,5,77,4,5,4,5,62,4,5,4,5,64,4,5,4,5,69,4,5,4,5,70,4,5,4,5,66,"None of the above","Soccer"
2022-01-31 06:48:36,2022-01-31 06:52:45,100,248,TRUE,2022-01-31 06:52:45,"R_2w4iioWWJGMraXS",NA,NA,NA,NA,"anonymous","EN","Yes",36,"Female",NA,7,5,7,6,40,6,4,6,5,50,6,5,7,5,59,6,5,6,5,55,6,5,6,6,61,7,4,6,6,50,"None of the above","Soccer"
2022-01-31 06:47:24,2022-01-31 06:52:45,100,321,TRUE,2022-01-31 06:52:46,"R_1MMb1EaZs3Jell7",NA,NA,NA,NA,"anonymous","EN","Yes",46,"Male",NA,3,2,1,2,22,5,4,4,5,50,4,4,4,4,58,4,2,2,3,20,2,2,2,2,8,2,1,2,2,9,"None of the above","Soccer"
2022-01-31 06:49:45,2022-01-31 06:52:48,100,182,TRUE,2022-01-31 06:52:48,"R_1n8hLFTYOdpRwSh",NA,NA,NA,NA,"anonymous","EN","Yes",24,"Male",NA,2,3,4,5,50,6,5,4,5,67,6,5,4,3,41,3,5,4,5,70,3,6,4,3,25,6,5,4,3,79,"None of the above","Soccer"
2022-01-31 06:47:01,2022-01-31 06:52:53,100,351,TRUE,2022-01-31 06:52:53,"R_2cpcoNkVnnf4DWF",NA,NA,NA,NA,"anonymous","EN","Yes",55,"Male",NA,4,3,5,3,77,4,6,5,6,41,3,7,4,6,81,4,7,5,6,83,4,6,5,7,86,4,7,5,6,85,"None of the above","Soccer"
2022-01-31 06:45:51,2022-01-31 06:52:55,100,424,TRUE,2022-01-31 06:52:56,"R_2Xhto1xtDFspN8B",NA,NA,NA,NA,"anonymous","EN","Yes",48,"Female",NA,4,6,4,5,74,5,6,5,4,72,6,5,4,5,73,6,5,4,5,86,6,5,4,5,76,5,3,6,5,71,"None of the above","Basketball"
2022-01-31 06:50:40,2022-01-31 06:53:03,100,143,TRUE,2022-01-31 06:53:04,"R_1CraB1qHoN0Ee38",NA,NA,NA,NA,"anonymous","EN","Yes",41,"Male",NA,4,6,7,6,72,4,5,6,7,81,4,5,7,6,77,5,6,7,6,76,3,5,6,7,86,5,6,6,7,90,"None of the above","Swimming"
2022-01-31 06:46:52,2022-01-31 06:53:05,100,372,TRUE,2022-01-31 06:53:05,"R_3L7ioIQMMu01X3b",NA,NA,NA,NA,"anonymous","EN","Yes",33,"Male",NA,5,6,5,6,86,5,6,5,6,79,5,6,5,6,80,5,6,5,6,83,5,6,5,6,85,5,6,5,6,82,"None of the above","Soccer"
2022-01-31 06:50:54,2022-01-31 06:53:11,100,136,TRUE,2022-01-31 06:53:12,"R_2pRGvQ48zrQUO5j",NA,NA,NA,NA,"anonymous","EN","Yes",47,"Male",NA,2,2,2,2,12,4,4,4,4,50,4,4,4,4,50,6,6,6,6,91,2,2,2,2,11,2,2,2,2,12,"None of the above","Soccer"
2022-01-31 06:47:15,2022-01-31 06:53:14,100,358,TRUE,2022-01-31 06:53:14,"R_VX1f1KODC6GzZ2V",NA,NA,NA,NA,"anonymous","EN","Yes",47,"Male",NA,5,6,5,5,68,5,5,6,6,77,5,4,5,5,72,5,6,5,5,75,5,6,5,6,71,5,6,5,4,75,"None of the above","Swimming"
2022-01-31 06:46:08,2022-01-31 06:53:14,100,425,TRUE,2022-01-31 06:53:14,"R_ClZb3yqmL0bBpnP",NA,NA,NA,NA,"anonymous","EN","Yes",72,"Male",NA,1,1,3,1,0,6,6,6,6,80,6,6,6,6,80,3,2,3,2,10,1,1,3,1,0,1,1,1,1,0,"None of the above","Swimming"
2022-01-31 06:51:08,2022-01-31 06:53:15,100,126,TRUE,2022-01-31 06:53:15,"R_1GDHrukgwZuOtae",NA,NA,NA,NA,"anonymous","EN","Yes",31,"Non-binary / third gender",NA,1,1,1,1,0,5,5,6,6,70,5,5,6,6,83,1,1,4,1,0,1,1,3,1,0,1,1,1,1,0,"None of the above","Soccer"
2022-01-31 06:49:35,2022-01-31 06:53:15,100,220,TRUE,2022-01-31 06:53:16,"R_skgejh6UdBnbZEl",NA,NA,NA,NA,"anonymous","EN","Yes",25,"Female",NA,5,5,4,5,93,4,5,5,5,92,4,6,4,5,79,5,5,4,5,86,4,5,6,5,89,5,5,6,5,100,"None of the above","Soccer"
2022-01-31 06:47:02,2022-01-31 06:53:33,100,391,TRUE,2022-01-31 06:53:33,"R_uss75JWAgTVRqNz",NA,NA,NA,NA,"anonymous","EN","Yes",37,"Male",NA,4,7,6,4,75,5,4,6,7,81,6,3,6,4,82,6,4,3,7,76,5,3,5,4,78,3,5,4,7,73,"Happy","Basketball"
2022-01-31 06:49:54,2022-01-31 06:53:42,100,227,TRUE,2022-01-31 06:53:42,"R_2Eu6VptJhUDahLV",NA,NA,NA,NA,"anonymous","EN","Yes",35,"Male",NA,4,6,7,5,83,5,7,5,6,85,4,6,4,6,92,5,7,4,5,90,4,6,5,5,84,5,6,4,6,87,"None of the above","Soccer"
2022-01-31 06:52:07,2022-01-31 06:53:42,100,94,TRUE,2022-01-31 06:53:42,"R_e9vVcl8YCpBRMf7",NA,NA,NA,NA,"anonymous","EN","Yes",25,"Female",NA,7,5,6,6,92,6,7,7,5,74,5,7,6,6,86,7,6,6,6,79,7,5,6,6,79,4,7,6,6,82,"None of the above","Soccer"
2022-01-31 06:48:08,2022-01-31 06:53:42,100,334,TRUE,2022-01-31 06:53:43,"R_22MlLFOjaS7nTxe",NA,NA,NA,NA,"anonymous","EN","Yes",48,"Female",NA,7,6,7,6,85,7,6,7,7,88,7,6,7,6,84,7,6,7,7,89,7,6,7,7,82,7,7,6,6,83,"None of the above","Swimming"
2022-01-31 06:49:22,2022-01-31 06:53:44,100,261,TRUE,2022-01-31 06:53:44,"R_1hYGoyjwMGxCZQn",NA,NA,NA,NA,"anonymous","EN","Yes",46,"Male",NA,2,1,3,2,20,4,4,5,4,55,4,5,4,5,58,3,2,4,3,28,1,1,2,1,17,1,1,1,2,10,"None of the above","Soccer"
2022-01-31 06:46:44,2022-01-31 06:53:49,100,424,TRUE,2022-01-31 06:53:49,"R_sApxySaK5rzEOVb",NA,NA,NA,NA,"anonymous","EN","Yes",32,"Female",NA,5,5,4,5,70,6,5,7,6,83,5,6,7,6,73,6,5,4,5,81,6,4,5,6,81,5,4,5,6,83,"None of the above","Soccer"
2022-01-31 06:52:04,2022-01-31 06:53:58,100,114,TRUE,2022-01-31 06:53:58,"R_YWDoYXnOdL5Pk4h",NA,NA,NA,NA,"anonymous","EN","Yes",30,"Female",NA,4,6,4,3,72,3,4,5,6,71,4,3,4,6,74,3,4,5,7,72,5,5,4,3,74,4,7,4,2,74,"None of the above","Basketball"
2022-01-31 06:48:02,2022-01-31 06:53:58,100,356,TRUE,2022-01-31 06:53:58,"R_3Eo7o6elvz705lZ",NA,NA,NA,NA,"anonymous","EN","Yes",20,"Prefer not to say",NA,1,1,1,1,9,5,5,5,6,68,5,5,5,5,60,3,3,4,3,41,3,3,3,3,34,2,2,1,2,9,"None of the above","Swimming"
2022-01-31 06:48:21,2022-01-31 06:54:07,100,345,TRUE,2022-01-31 06:54:07,"R_2aY3hQ8cnbaPzmZ",NA,NA,NA,NA,"anonymous","EN","Yes",30,"Male",NA,1,1,1,1,0,7,7,7,7,100,5,6,6,6,87,2,3,1,2,9,4,3,3,3,17,3,1,1,2,6,"None of the above","Soccer"
2022-01-31 06:52:11,2022-01-31 06:54:09,100,118,TRUE,2022-01-31 06:54:09,"R_20SyMg6YdWuEjNv",NA,NA,NA,NA,"anonymous","EN","Yes",48,"Female",NA,5,6,5,5,72,4,5,6,6,68,5,6,5,5,79,6,4,6,5,77,6,4,6,5,74,6,6,5,6,71,"None of the above","Soccer"
2022-01-31 06:47:48,2022-01-31 06:54:10,100,381,TRUE,2022-01-31 06:54:10,"R_XthX7N7EYBTOJuV",NA,NA,NA,NA,"anonymous","EN","Yes",29,"Female",NA,4,3,5,4,46,5,7,6,6,71,5,7,4,6,84,1,1,2,3,20,6,7,5,3,63,3,2,4,3,32,"None of the above","Soccer"
2022-01-31 06:46:52,2022-01-31 06:54:10,100,438,TRUE,2022-01-31 06:54:11,"R_2rxuEziRPGn6uDh",NA,NA,NA,NA,"anonymous","EN","Yes",30,"Female",NA,5,5,6,6,78,5,5,6,6,78,6,6,6,6,79,3,3,3,3,34,5,4,4,5,68,4,3,4,4,37,"None of the above","Soccer"
2022-01-31 06:49:04,2022-01-31 06:54:16,100,311,TRUE,2022-01-31 06:54:16,"R_2PdiyFQvplgMW9q",NA,NA,NA,NA,"anonymous","EN","Yes",32,"Male",NA,5,6,5,6,40,6,7,6,7,69,6,7,6,7,71,7,6,7,6,76,6,7,5,6,83,5,6,7,6,84,"Happy","Swimming"
2022-01-31 06:48:28,2022-01-31 06:54:17,100,349,TRUE,2022-01-31 06:54:18,"R_vUDrjdbrqsL8JTX",NA,NA,NA,NA,"anonymous","EN","Yes",43,"Female",NA,7,5,6,5,80,5,6,6,5,71,7,6,7,5,80,6,5,6,7,77,6,5,6,5,81,6,5,6,5,91,"None of the above","Swimming"
2022-01-31 06:47:27,2022-01-31 06:54:25,100,417,TRUE,2022-01-31 06:54:26,"R_AuHalKif2epmahb",NA,NA,NA,NA,"anonymous","EN","Yes",40,"Male",NA,5,4,5,5,60,5,4,5,5,54,4,5,4,5,51,5,4,5,5,71,5,4,5,5,76,5,4,5,6,71,"Satisfied","Baseball"
2022-01-31 06:51:36,2022-01-31 06:54:26,100,169,TRUE,2022-01-31 06:54:26,"R_33lGVJfFP520kIw",NA,NA,NA,NA,"anonymous","EN","Yes",25,"Male",NA,6,6,6,6,90,6,6,6,6,84,6,6,6,6,100,6,6,6,6,91,6,6,6,6,100,6,6,6,6,85,"Happy","Basketball"
2022-01-31 06:52:49,2022-01-31 06:54:33,100,103,TRUE,2022-01-31 06:54:33,"R_1kOeaibhCzEZyHh",NA,NA,NA,NA,"anonymous","EN","Yes",58,"Male",NA,6,7,5,7,70,5,6,5,6,70,5,7,5,6,66,7,6,5,6,68,5,6,7,6,71,5,6,6,7,69,"None of the above","Baseball"
2022-01-31 06:50:10,2022-01-31 06:54:35,100,264,TRUE,2022-01-31 06:54:35,"R_28P6XJ71PGhxhSl",NA,NA,NA,NA,"anonymous","EN","Yes",25,"Female",NA,1,1,2,2,17,6,7,7,7,85,7,6,7,7,88,1,1,2,4,21,2,2,3,3,14,1,1,1,1,0,"Satisfied","Soccer"
2022-01-31 06:52:28,2022-01-31 06:54:39,100,131,TRUE,2022-01-31 06:54:39,"R_2cupRouWZkRJc0p",NA,NA,NA,NA,"anonymous","EN","Yes",48,"Male",NA,4,6,5,4,83,5,6,4,5,70,6,5,4,5,69,5,4,5,6,72,5,6,5,4,81,6,5,4,6,68,"None of the above","Basketball"
2022-01-31 06:50:13,2022-01-31 06:54:43,100,269,TRUE,2022-01-31 06:54:43,"R_1JS1kPkqdMQfYr3",NA,NA,NA,NA,"anonymous","EN","Yes",35,"Male",NA,7,7,6,6,85,7,6,7,6,91,7,6,7,7,100,7,6,6,7,82,7,6,7,7,90,6,7,6,7,74,"None of the above","Soccer"
2022-01-31 06:53:18,2022-01-31 06:54:49,100,91,TRUE,2022-01-31 06:54:50,"R_T5zdGyErkvJWmD7",NA,NA,NA,NA,"anonymous","EN","Yes",25,"Female",NA,7,6,5,5,85,5,6,7,7,88,5,6,7,7,84,7,6,6,7,87,7,6,6,5,91,7,6,5,6,79,"None of the above","Basketball"
2022-01-31 06:48:21,2022-01-31 06:54:59,100,398,TRUE,2022-01-31 06:54:59,"R_2EcvZPAKITSE0Jl",NA,NA,NA,NA,"anonymous","EN","Yes",50,"Male",NA,6,6,5,6,87,5,4,5,6,77,5,5,4,6,90,6,6,5,6,88,5,6,5,6,56,5,4,4,6,43,"None of the above","Soccer"
2022-01-31 06:46:45,2022-01-31 06:55:02,100,496,TRUE,2022-01-31 06:55:02,"R_1f6K8tKuaelk3Cf",NA,NA,NA,NA,"anonymous","EN","Yes",47,"Male",NA,2,2,2,2,22,6,6,7,7,70,6,6,7,7,72,2,2,2,3,15,1,2,1,3,20,2,2,1,2,15,"None of the above","Soccer"
2022-01-31 06:47:19,2022-01-31 06:55:04,100,465,TRUE,2022-01-31 06:55:05,"R_10TvUZspbxOZvCa",NA,NA,NA,NA,"anonymous","EN","Yes",28,"Male",NA,6,5,6,5,55,6,5,6,5,65,6,5,6,5,71,6,5,6,5,51,6,5,6,5,62,6,5,6,5,60,"None of the above","Swimming"
2022-01-31 06:51:29,2022-01-31 06:55:16,100,227,TRUE,2022-01-31 06:55:16,"R_2S617TW8rLfVDGx",NA,NA,NA,NA,"anonymous","EN","Yes",36,"Female",NA,6,6,6,6,59,6,6,7,7,65,7,6,6,6,76,5,6,6,6,66,6,6,6,6,77,6,6,7,5,68,"None of the above","Swimming"
2022-01-31 06:51:29,2022-01-31 06:55:18,100,229,TRUE,2022-01-31 06:55:18,"R_UtnjzpsXabrOZYR",NA,NA,NA,NA,"anonymous","EN","Yes",28,"Male",NA,7,7,7,4,91,7,7,7,7,75,7,7,7,7,66,7,7,7,7,76,7,7,7,7,82,7,7,7,7,84,"None of the above","Bowling"
2022-01-31 06:46:32,2022-01-31 06:55:18,100,526,TRUE,2022-01-31 06:55:19,"R_3CPpnoesrz9ojj4",NA,NA,NA,NA,"anonymous","EN","Yes",47,"Female",NA,2,2,3,3,23,6,4,6,6,79,6,5,6,6,81,3,4,3,3,22,3,4,2,3,33,3,4,2,5,34,"None of the above","Soccer"
2022-01-31 06:45:32,2022-01-31 06:55:27,100,594,TRUE,2022-01-31 06:55:27,"R_1H1vCb6olqHqUJy",NA,NA,NA,NA,"anonymous","EN","Yes",32,"Male",NA,5,5,5,5,70,6,6,6,6,75,7,7,7,7,85,7,7,7,7,80,7,7,7,7,85,7,7,7,7,80,"None of the above","Soccer"
2022-01-31 06:46:09,2022-01-31 06:55:27,100,557,TRUE,2022-01-31 06:55:27,"R_23WdqInLgqqJB06",NA,NA,NA,NA,"anonymous","EN","Yes",48,"Male",NA,4,5,6,7,68,4,5,6,7,73,4,5,6,7,79,4,4,6,6,78,4,5,6,7,75,4,5,6,7,74,"None of the above","Soccer"
2022-01-31 06:46:53,2022-01-31 06:55:29,100,516,TRUE,2022-01-31 06:55:30,"R_3NO2VSjbPnFyxV9",NA,NA,NA,NA,"anonymous","EN","Yes",30,"Male",NA,6,5,5,6,84,5,6,5,6,82,4,5,5,5,82,6,5,6,6,82,5,4,5,5,70,5,6,4,5,80,"None of the above","Soccer"
2022-01-31 06:47:51,2022-01-31 06:55:31,100,459,TRUE,2022-01-31 06:55:31,"R_1d6Qq0C4JyrJM1e",NA,NA,NA,NA,"anonymous","EN","Yes",40,"Male",NA,6,5,4,6,51,4,5,6,5,61,4,5,6,5,64,5,4,5,6,53,4,5,6,6,55,4,5,6,5,53,"None of the above","Swimming"
2022-01-31 06:47:21,2022-01-31 06:55:38,100,497,TRUE,2022-01-31 06:55:39,"R_3JE0gpWJFZixPQa",NA,NA,NA,NA,"anonymous","EN","Yes",33,"Male",NA,1,3,1,3,12,5,5,6,5,81,5,5,6,4,76,1,1,1,2,4,2,1,1,1,1,5,5,6,4,53,"None of the above","Soccer"
2022-01-31 06:46:24,2022-01-31 06:55:43,100,559,TRUE,2022-01-31 06:55:44,"R_ZK6ZPABS4pdafZf",NA,NA,NA,NA,"anonymous","EN","Yes",30,"Female",NA,1,1,2,2,20,5,5,5,5,63,5,5,6,5,62,1,1,1,2,15,2,2,1,2,25,2,2,2,3,24,"None of the above","Swimming"
2022-01-31 06:50:41,2022-01-31 06:55:48,100,307,TRUE,2022-01-31 06:55:48,"R_2TtmyGYUqixSzu5",NA,NA,NA,NA,"anonymous","EN","Yes",43,"Female",NA,4,5,5,5,67,4,5,5,4,61,4,4,3,4,44,4,5,5,4,62,4,5,5,4,61,4,5,5,4,63,"Happy","Soccer"
2022-01-31 06:48:32,2022-01-31 06:55:52,100,440,TRUE,2022-01-31 06:55:52,"R_3PhL3a6fAGCFn7v",NA,NA,NA,NA,"anonymous","EN","Yes",30,"Male",NA,1,2,2,1,5,6,7,6,6,96,6,6,5,6,84,1,2,1,1,1,4,2,6,2,26,1,1,1,1,0,"None of the above","Soccer"
2022-01-31 06:53:39,2022-01-31 06:56:09,100,150,TRUE,2022-01-31 06:56:09,"R_2VgPOXWa0XVkEZk",NA,NA,NA,NA,"anonymous","EN","Yes",40,"Male",NA,7,6,7,7,96,7,6,6,6,97,6,7,7,6,96,7,6,6,7,99,7,6,7,7,95,6,7,6,7,93,"None of the above","Basketball"
2022-01-31 06:46:55,2022-01-31 06:56:14,100,558,TRUE,2022-01-31 06:56:14,"R_2dmaNElNKVIFm3j",NA,NA,NA,NA,"anonymous","EN","Yes",28,"Male",NA,7,6,5,7,99,7,6,5,7,94,7,6,7,6,98,7,6,7,6,92,7,6,7,6,94,7,6,6,5,99,"Happy","Soccer"
2022-01-31 06:46:21,2022-01-31 06:56:19,100,598,TRUE,2022-01-31 06:56:20,"R_1rwdnycWOpjzfka",NA,NA,NA,NA,"anonymous","EN","Yes",25,"Male",NA,7,5,7,6,47,6,7,5,6,90,6,4,7,6,77,4,2,6,5,24,5,4,6,5,40,7,6,7,6,66,"None of the above","Swimming"
2022-01-31 06:52:53,2022-01-31 06:56:30,100,216,TRUE,2022-01-31 06:56:31,"R_vitNA4F541XJFFT",NA,NA,NA,NA,"anonymous","EN","Yes",31,"Male",NA,6,7,4,6,88,5,7,7,6,70,5,6,6,7,87,5,7,6,7,79,5,7,6,7,99,4,7,6,7,100,"None of the above","Soccer"
2022-01-31 06:54:34,2022-01-31 06:56:37,100,122,TRUE,2022-01-31 06:56:37,"R_27xvCcOvneMpn7H",NA,NA,NA,NA,"anonymous","EN","Yes",29,"Male",NA,7,2,7,7,73,2,5,7,7,86,1,1,6,1,60,5,4,6,6,82,3,6,7,6,72,5,5,4,6,69,"Happy","Bowling"
2022-01-31 06:53:38,2022-01-31 06:56:53,100,195,TRUE,2022-01-31 06:56:54,"R_OewChU70x2QD1Tj",NA,NA,NA,NA,"anonymous","EN","Yes",39,"Male",NA,3,4,5,6,73,2,3,4,5,75,3,4,5,6,87,4,5,5,6,79,3,4,5,6,88,3,4,5,6,94,"None of the above","Basketball"
2022-01-31 06:48:01,2022-01-31 06:56:52,100,531,TRUE,2022-01-31 06:56:54,"R_1K7QDUkqpUaqccb",NA,NA,NA,NA,"anonymous","EN","Yes",42,"Male",NA,3,5,6,4,54,4,7,6,4,96,5,4,7,6,77,6,3,2,5,58,5,2,4,6,55,5,7,4,6,86,"None of the above","Soccer"
2022-01-31 06:54:13,2022-01-31 06:57:13,100,179,TRUE,2022-01-31 06:57:13,"R_TjafUt2QECdNN4J",NA,NA,NA,NA,"anonymous","EN","Yes",25,"Female",NA,7,5,6,6,81,7,4,6,6,93,5,7,6,6,48,6,7,7,5,79,5,7,7,4,73,6,4,7,7,86,"None of the above","Soccer"
2022-01-31 06:51:57,2022-01-31 06:57:13,100,316,TRUE,2022-01-31 06:57:14,"R_3DlCRK4eOxtUk2R",NA,NA,NA,NA,"anonymous","EN","Yes",37,"Female",NA,3,3,2,4,37,6,5,6,6,73,6,5,6,6,75,6,6,6,5,82,6,7,5,4,80,3,4,3,3,37,"None of the above","Soccer"
2022-01-31 06:47:16,2022-01-31 06:57:23,100,607,TRUE,2022-01-31 06:57:23,"R_3g2hHUlUEYhqG1W",NA,NA,NA,NA,"anonymous","EN","Yes",48,"Female",NA,7,6,6,6,92,7,6,5,6,87,6,7,6,7,88,6,7,6,7,85,7,6,6,6,92,7,6,7,5,88,"None of the above","Soccer"
2022-01-31 06:47:31,2022-01-31 06:57:24,100,593,TRUE,2022-01-31 06:57:25,"R_1dM3XzBXCQXsyt2",NA,NA,NA,NA,"anonymous","EN","Yes",45,"Female",NA,4,5,5,4,57,4,4,5,5,54,4,5,5,4,58,4,5,5,4,62,4,5,5,4,56,4,5,5,5,64,"Satisfied","Soccer"
2022-01-31 06:54:56,2022-01-31 06:57:26,100,149,TRUE,2022-01-31 06:57:27,"R_a5fphmF1p0zqkNz",NA,NA,NA,NA,"anonymous","EN","Yes",53,"Female",NA,1,2,2,1,8,6,6,7,7,86,6,7,7,6,88,2,3,2,2,20,3,3,3,2,27,2,2,2,2,14,"None of the above","Soccer"
2022-01-31 06:49:29,2022-01-31 06:57:36,100,487,TRUE,2022-01-31 06:57:36,"R_2uE5UieqeQpcdJq",NA,NA,NA,NA,"anonymous","EN","Yes",44,"Female",NA,6,5,6,5,63,4,6,2,5,35,3,5,4,6,39,4,4,6,5,58,5,6,5,6,44,5,6,3,4,61,"None of the above","Soccer"
2022-01-31 06:46:51,2022-01-31 06:57:40,100,649,TRUE,2022-01-31 06:57:40,"R_3lY8SrvrbU7fFIH",NA,NA,NA,NA,"anonymous","EN","Yes",46,"Male",NA,4,5,4,5,64,5,4,4,5,64,4,6,4,6,56,4,5,4,5,58,4,5,4,5,53,4,5,4,5,62,"None of the above","Swimming"
2022-01-31 06:51:14,2022-01-31 06:57:42,100,387,TRUE,2022-01-31 06:57:42,"R_2tD3jdM3m2ly80Y",NA,NA,NA,NA,"anonymous","EN","Yes",49,"Female",NA,5,4,3,4,63,5,4,3,4,74,5,4,3,6,74,5,4,3,4,78,5,4,3,4,67,5,3,4,5,75,"None of the above","Basketball"
2022-01-31 06:47:26,2022-01-31 06:57:49,100,622,TRUE,2022-01-31 06:57:49,"R_6oiJrceRk8AmCQN",NA,NA,NA,NA,"anonymous","EN","Yes",43,"Male",NA,3,3,3,3,38,5,5,5,5,71,5,5,5,5,61,5,5,4,5,61,5,4,5,5,48,6,6,6,6,82,"None of the above","Soccer"
2022-01-31 06:47:05,2022-01-31 06:57:52,100,647,TRUE,2022-01-31 06:57:53,"R_3m1WEtPLAJK84n0",NA,NA,NA,NA,"anonymous","EN","Yes",26,"Male",NA,6,7,7,5,60,7,5,6,6,70,7,5,6,6,70,7,5,6,6,80,6,7,7,5,70,6,7,7,5,70,"Satisfied","Bowling"
2022-01-31 06:49:43,2022-01-31 06:58:07,100,503,TRUE,2022-01-31 06:58:07,"R_2xDgJXGovCn0kse",NA,NA,NA,NA,"anonymous","EN","Yes",56,"Female",NA,5,6,5,6,68,6,5,6,6,76,7,6,5,6,67,7,6,7,6,62,6,5,6,6,79,6,7,6,7,61,"None of the above","Basketball"
2022-01-31 06:52:48,2022-01-31 06:58:16,100,328,TRUE,2022-01-31 06:58:16,"R_3jTlrtE4wXojEHS",NA,NA,NA,NA,"anonymous","EN","Yes",23,"Female",NA,4,4,6,5,79,5,6,7,6,77,4,5,6,5,73,5,6,6,5,73,5,6,5,3,71,6,5,4,6,77,"None of the above","Soccer"
2022-01-31 06:55:52,2022-01-31 06:58:23,100,150,TRUE,2022-01-31 06:58:23,"R_ANyuBhPrpPam0BH",NA,NA,NA,NA,"anonymous","EN","Yes",34,"Male",NA,3,2,5,3,41,4,3,2,3,53,4,5,5,3,65,4,6,6,5,82,4,2,3,2,62,4,2,2,4,33,"None of the above","Soccer"
2022-01-31 06:57:00,2022-01-31 06:58:39,100,99,TRUE,2022-01-31 06:58:40,"R_3C4flS9zhbLw34t",NA,NA,NA,NA,"anonymous","EN","Yes",29,"Male",NA,4,5,4,4,78,4,1,4,3,74,6,4,3,1,81,1,5,3,3,77,2,5,5,3,70,2,2,3,1,66,"Happy","Bowling"
2022-01-31 06:55:16,2022-01-31 06:58:44,100,207,TRUE,2022-01-31 06:58:45,"R_2UW2VTN9hq3EvZu",NA,NA,NA,NA,"anonymous","EN","Yes",30,"Male",NA,2,2,2,2,20,4,4,4,4,50,5,5,5,5,51,3,3,3,3,41,2,3,3,2,20,3,3,3,3,30,"Satisfied","Soccer"
2022-01-31 06:57:26,2022-01-31 06:58:52,100,85,TRUE,2022-01-31 06:58:53,"R_YSICCYE8a8Mw8Zb",NA,NA,NA,NA,"anonymous","EN","Yes",25,"Male",NA,6,6,7,5,71,4,7,6,6,77,6,3,5,5,90,6,7,7,4,91,6,3,5,4,60,5,7,6,6,75,"None of the above","Swimming"
2022-01-31 06:46:41,2022-01-31 06:58:58,100,737,TRUE,2022-01-31 06:58:59,"R_2zch4yJhZVMvJkE",NA,NA,NA,NA,"anonymous","EN","Yes",22,"Female",NA,1,2,1,2,10,7,6,7,6,95,6,7,6,7,92,1,2,1,2,19,1,2,1,2,9,1,2,1,2,14,"Satisfied","Swimming"
2022-01-31 06:55:31,2022-01-31 06:59:14,100,223,TRUE,2022-01-31 06:59:14,"R_1FljKAlB5f7z8aZ",NA,NA,NA,NA,"anonymous","EN","Yes",26,"Female",NA,6,7,5,6,88,6,7,5,7,89,5,7,6,7,85,6,6,7,4,87,6,7,5,6,89,6,5,7,6,85,"Happy","Soccer"
2022-01-31 06:55:56,2022-01-31 06:59:28,100,211,TRUE,2022-01-31 06:59:28,"R_3HTAOKxcmNdjvMb",NA,NA,NA,NA,"anonymous","EN","Yes",41,"Male",NA,3,2,2,3,29,6,5,6,6,80,6,5,5,6,65,3,4,3,3,34,5,3,3,6,42,3,3,4,3,33,"None of the above","Soccer"
2022-01-31 06:49:15,2022-01-31 06:59:32,100,616,TRUE,2022-01-31 06:59:32,"R_31n45PfPIZtc39J",NA,NA,NA,NA,"anonymous","EN","Yes",48,"Female",NA,6,4,5,2,80,6,4,6,7,82,6,4,5,4,72,6,4,5,6,72,7,4,5,6,73,6,4,4,5,75,"None of the above","Basketball"
2022-01-31 06:58:04,2022-01-31 06:59:44,100,100,TRUE,2022-01-31 06:59:44,"R_22EpFDhXcu8ZnGG",NA,NA,NA,NA,"anonymous","EN","Yes",29,"Male",NA,1,1,1,1,0,4,4,4,4,50,4,4,4,4,50,1,1,1,1,0,1,1,1,1,0,1,1,1,1,0,"None of the above","Soccer"
2022-01-31 06:56:12,2022-01-31 06:59:46,100,214,TRUE,2022-01-31 06:59:46,"R_tQUdlZ8wPQ9X8Xf",NA,NA,NA,NA,"anonymous","EN","Yes",35,"Male",NA,5,4,4,6,66,5,6,6,5,80,6,4,4,5,65,5,6,6,4,75,5,6,4,5,71,5,4,5,6,70,"None of the above","Swimming"
2022-01-31 06:57:14,2022-01-31 06:59:49,100,154,TRUE,2022-01-31 06:59:49,"R_Rb03adbNx6PWRdn",NA,NA,NA,NA,"anonymous","EN","Yes",35,"Male",NA,1,1,4,1,9,4,4,4,4,50,4,4,4,4,50,2,4,4,4,30,1,1,4,2,9,1,1,1,1,0,"None of the above","Soccer"
2022-01-31 06:58:15,2022-01-31 06:59:52,100,96,TRUE,2022-01-31 06:59:53,"R_3RdSWBJMhxFYqTJ",NA,NA,NA,NA,"anonymous","EN","Yes",30,"Male",NA,7,6,5,6,65,6,5,6,7,83,6,7,5,7,75,5,6,5,4,61,6,5,6,7,71,6,5,6,7,69,"None of the above","Soccer"
2022-01-31 06:57:08,2022-01-31 06:59:54,100,166,TRUE,2022-01-31 06:59:55,"R_UMXcxTKNhFJIg8N",NA,NA,NA,NA,"anonymous","EN","Yes",32,"Male",NA,2,2,2,2,22,5,5,5,5,60,5,5,4,4,56,3,3,3,3,33,2,2,2,2,7,3,2,2,2,16,"None of the above","Soccer"
2022-01-31 06:53:02,2022-01-31 07:00:14,100,432,TRUE,2022-01-31 07:00:15,"R_2wBUbaGUUDtcgGm",NA,NA,NA,NA,"anonymous","EN","Yes",44,"Male",NA,5,3,4,6,76,5,3,4,4,76,4,6,4,3,79,5,4,3,5,70,6,3,5,4,64,4,5,4,3,69,"None of the above","Basketball"
2022-01-31 06:52:46,2022-01-31 07:00:18,100,452,TRUE,2022-01-31 07:00:18,"R_2ZNQCfGxzLA0Sno",NA,NA,NA,NA,"anonymous","EN","Yes",55,"Male",NA,6,6,7,7,63,5,6,6,6,65,5,5,6,6,75,5,5,6,6,76,3,4,5,6,78,7,6,5,6,26,"None of the above","Soccer"
2022-01-31 06:47:01,2022-01-31 07:00:28,100,807,TRUE,2022-01-31 07:00:28,"R_30vsdlmCHtx8L76",NA,NA,NA,NA,"anonymous","EN","Yes",29,"Male",NA,1,2,1,1,7,6,7,6,7,86,6,7,6,7,99,2,2,1,2,9,1,2,1,1,12,1,1,2,1,5,"None of the above","Soccer"
2022-01-31 06:46:00,2022-01-31 07:00:31,100,870,TRUE,2022-01-31 07:00:31,"R_cYLxxdniP4Cisox",NA,NA,NA,NA,"anonymous","EN","Yes",34,"Male",NA,1,2,1,1,12,5,5,6,5,88,5,6,5,5,81,1,1,2,2,10,2,1,2,2,13,2,1,2,1,14,"None of the above","Swimming"
2022-01-31 06:56:02,2022-01-31 07:01:00,100,298,TRUE,2022-01-31 07:01:01,"R_2usQTpkzeQAWRc3",NA,NA,NA,NA,"anonymous","EN","Yes",36,"Female",NA,1,1,1,1,10,6,7,7,5,90,7,7,7,7,90,2,1,4,4,30,1,1,3,1,20,2,1,1,1,15,"None of the above","Soccer"
2022-01-31 06:58:52,2022-01-31 07:01:03,100,131,TRUE,2022-01-31 07:01:03,"R_22RKBdkXnY2QbGD",NA,NA,NA,NA,"anonymous","EN","Yes",30,"Female",NA,3,3,3,2,29,4,4,4,4,50,4,4,4,4,50,4,2,3,3,25,4,3,4,4,48,4,3,4,3,40,"Happy","Swimming"
2022-01-31 06:57:39,2022-01-31 07:01:05,100,206,TRUE,2022-01-31 07:01:05,"R_2uP6Ow289Wj9Qfa",NA,NA,NA,NA,"anonymous","EN","Yes",29,"Female",NA,5,6,7,7,84,7,5,6,7,82,5,6,7,7,93,6,7,5,6,90,5,7,6,6,92,6,5,7,6,88,"None of the above","Soccer"
2022-01-31 06:58:35,2022-01-31 07:01:18,100,162,TRUE,2022-01-31 07:01:19,"R_2DNxHHFfhzIUJ9a",NA,NA,NA,NA,"anonymous","EN","Yes",25,"Male",NA,7,6,5,2,46,4,6,7,4,58,1,3,7,7,52,6,4,1,1,58,5,2,7,3,44,1,3,6,5,44,"None of the above","Soccer"
2022-01-31 06:57:55,2022-01-31 07:01:30,100,215,TRUE,2022-01-31 07:01:30,"R_1EWo6Sks38jjjzB",NA,NA,NA,NA,"anonymous","EN","Yes",29,"Female",NA,7,7,7,7,100,7,7,7,7,100,7,7,7,7,100,7,7,7,7,100,7,7,7,7,100,7,7,7,7,100,"None of the above","Swimming"
2022-01-31 06:59:55,2022-01-31 07:02:12,100,137,TRUE,2022-01-31 07:02:13,"R_3exzh6eITRPa8cH",NA,NA,NA,NA,"anonymous","EN","Yes",48,"Female",NA,6,5,7,4,87,5,3,4,6,72,6,4,6,5,69,6,5,5,4,64,6,3,5,4,65,6,4,6,5,61,"Sad","Basketball"
2022-01-31 06:56:37,2022-01-31 07:02:12,100,335,TRUE,2022-01-31 07:02:13,"R_1CvW4UexQrl04O2",NA,NA,NA,NA,"anonymous","EN","Yes",33,"Male",NA,4,3,4,3,48,7,6,7,5,82,7,6,7,5,81,1,2,1,3,24,2,2,3,3,35,1,2,2,3,26,"None of the above","Soccer"
2022-01-31 06:53:55,2022-01-31 07:02:44,100,528,TRUE,2022-01-31 07:02:44,"R_3J96B9AuIaZD3bJ",NA,NA,NA,NA,"anonymous","EN","Yes",42,"Male",NA,1,2,1,1,12,6,7,7,6,89,7,6,7,7,86,1,2,1,3,13,1,2,1,1,20,1,2,1,3,22,"None of the above","Soccer"
2022-01-31 06:52:47,2022-01-31 07:02:47,100,600,TRUE,2022-01-31 07:02:47,"R_3HtrhSYCaB7xymv",NA,NA,NA,NA,"anonymous","EN","Yes",26,"Female",NA,6,7,7,6,94,7,6,6,7,89,6,7,5,6,88,7,5,7,6,91,7,5,6,7,93,6,7,5,6,86,"None of the above","Soccer"
2022-01-31 06:59:56,2022-01-31 07:03:15,100,198,TRUE,2022-01-31 07:03:15,"R_PTGg7bGYJtrCgp3",NA,NA,NA,NA,"anonymous","EN","Yes",40,"Female",NA,6,4,5,4,71,5,6,6,6,72,6,5,6,6,73,6,5,6,6,80,6,5,4,5,73,6,5,6,6,73,"Happy","Basketball"
2022-01-31 07:02:09,2022-01-31 07:03:52,100,102,TRUE,2022-01-31 07:03:52,"R_2SovpioydYuwThK",NA,NA,NA,NA,"anonymous","EN","Yes",25,"Male",NA,7,7,1,3,51,6,1,6,1,53,7,2,1,7,53,2,5,3,1,48,7,7,3,7,60,3,7,2,5,53,"None of the above","Soccer"
2022-01-31 07:01:11,2022-01-31 07:03:52,100,160,TRUE,2022-01-31 07:03:52,"R_Q6y1ESSGJAL6fQt",NA,NA,NA,NA,"anonymous","EN","Yes",26,"Male",NA,5,5,1,7,70,6,5,6,7,85,2,7,7,7,70,1,7,2,3,95,7,3,3,1,79,2,1,3,7,64,"None of the above","Soccer"
2022-01-31 06:56:57,2022-01-31 07:03:55,100,417,TRUE,2022-01-31 07:03:55,"R_2q7Bi8lOwVqRRyO",NA,NA,NA,NA,"anonymous","EN","Yes",33,"Male",NA,1,1,1,1,0,6,7,6,6,84,6,5,5,5,89,2,1,1,1,11,2,1,2,2,7,2,1,2,2,7,"None of the above","Soccer"
2022-01-31 07:00:20,2022-01-31 07:04:14,100,233,TRUE,2022-01-31 07:04:14,"R_3O3zE1mqPBZ211W",NA,NA,NA,NA,"anonymous","EN","Yes",22,"Female",NA,1,2,1,2,17,7,6,7,6,92,7,6,7,6,92,1,2,1,2,18,2,1,2,1,12,1,2,1,2,20,"Satisfied","Swimming"
2022-01-31 07:01:22,2022-01-31 07:04:59,100,216,TRUE,2022-01-31 07:04:59,"R_eV6lVfEEPvC29xv",NA,NA,NA,NA,"anonymous","EN","Yes",24,"Female",NA,5,7,6,3,82,4,7,6,7,73,4,7,6,7,79,4,7,6,6,74,4,6,7,6,81,4,7,6,6,80,"None of the above","Swimming"
2022-01-31 07:00:11,2022-01-31 07:05:06,100,294,TRUE,2022-01-31 07:05:06,"R_3QWwA8yxuUi6NQV",NA,NA,NA,NA,"anonymous","EN","Yes",31,"Male",NA,4,7,6,7,85,5,7,6,7,89,5,7,3,5,92,4,6,7,5,84,5,7,6,7,68,5,7,6,7,84,"None of the above","Soccer"
2022-01-31 06:57:07,2022-01-31 07:05:17,100,489,TRUE,2022-01-31 07:05:18,"R_XoDXyHIyqpr4k0N",NA,NA,NA,NA,"anonymous","EN","Yes",42,"Female",NA,7,6,7,6,88,7,5,7,6,92,7,5,7,5,80,7,6,7,6,72,7,6,6,7,91,7,5,7,6,73,"None of the above","Swimming"
2022-01-31 06:51:26,2022-01-31 07:05:38,100,852,TRUE,2022-01-31 07:05:39,"R_2q1sPdLQaP0VTvi",NA,NA,NA,NA,"anonymous","EN","Yes",25,"Male",NA,3,3,3,3,55,5,5,4,5,68,6,5,5,6,68,4,4,4,5,62,4,3,4,4,55,6,5,5,4,73,"None of the above","Soccer"
2022-01-31 06:49:56,2022-01-31 07:05:41,100,945,TRUE,2022-01-31 07:05:42,"R_25Y31twJSM9kSFy",NA,NA,NA,NA,"anonymous","EN","Yes",25,"Male",NA,6,5,7,6,55,6,4,6,5,40,6,5,7,6,68,6,5,7,6,58,6,7,5,6,92,6,7,5,6,89,"None of the above","Swimming"
2022-01-31 07:01:56,2022-01-31 07:06:03,100,247,TRUE,2022-01-31 07:06:05,"R_SH0kfy0TtNR9MoV",NA,NA,NA,NA,"anonymous","EN","Yes",33,"Female",NA,6,7,6,7,95,6,6,6,6,83,6,6,6,6,78,3,3,3,3,42,4,4,4,4,58,3,2,3,3,41,"None of the above","Soccer"
2022-01-31 06:49:48,2022-01-31 07:06:37,100,1009,TRUE,2022-01-31 07:06:38,"R_wTxMzsiCH4pKLT3",NA,NA,NA,NA,"anonymous","EN","Yes",25,"Female",NA,6,5,7,6,61,6,6,5,6,61,5,4,7,6,47,6,7,5,6,75,6,5,7,6,59,7,5,7,6,45,"None of the above","Swimming"
2022-01-31 07:04:35,2022-01-31 07:06:39,100,124,TRUE,2022-01-31 07:06:40,"R_3qqfwChhJ0wFSI9",NA,NA,NA,NA,"anonymous","EN","Yes",25,"Male",NA,3,6,2,6,48,4,3,3,6,54,3,2,3,7,61,1,5,6,5,58,2,7,7,1,55,2,3,5,7,57,"None of the above","Soccer"
2022-01-31 06:59:38,2022-01-31 07:06:42,100,424,TRUE,2022-01-31 07:06:43,"R_Av8LsejBRhdU6DT",NA,NA,NA,NA,"anonymous","EN","Yes",38,"Female",NA,7,5,6,7,79,6,4,7,7,99,7,3,6,7,86,4,6,7,6,82,4,6,7,6,79,7,4,6,6,82,"None of the above","Swimming"
2022-01-31 06:57:12,2022-01-31 07:06:44,100,572,TRUE,2022-01-31 07:06:45,"R_1mOYGpLvK6HSM8X",NA,NA,NA,NA,"anonymous","EN","Yes",31,"Male",NA,7,3,6,7,65,6,7,4,6,84,3,6,5,7,73,5,7,4,7,91,5,7,7,6,77,5,7,6,7,79,"None of the above","Soccer"
2022-01-31 07:04:43,2022-01-31 07:06:55,100,132,TRUE,2022-01-31 07:06:55,"R_2t4ng1GQcrUY31k",NA,NA,NA,NA,"anonymous","EN","Yes",26,"Female",NA,2,1,1,2,7,5,5,4,6,82,4,6,5,5,70,2,2,2,2,10,1,1,1,1,1,1,1,1,1,0,"None of the above","Soccer"
2022-01-31 06:58:41,2022-01-31 07:07:06,100,504,TRUE,2022-01-31 07:07:06,"R_2AHIN7RN0wbBKla",NA,NA,NA,NA,"anonymous","EN","Yes",43,"Female",NA,1,1,2,1,0,5,5,5,5,71,5,5,6,5,77,1,1,4,3,17,1,1,2,1,0,1,1,1,1,0,"None of the above","Soccer"
2022-01-31 07:01:09,2022-01-31 07:07:06,100,356,TRUE,2022-01-31 07:07:06,"R_1ocohARbeLSS4x2",NA,NA,NA,NA,"anonymous","EN","Yes",39,"Female",NA,1,2,1,1,23,2,1,1,2,75,1,1,1,1,41,1,1,1,1,26,1,2,1,2,3,1,2,1,2,31,"None of the above","Basketball"
2022-01-31 06:54:47,2022-01-31 07:07:49,100,781,TRUE,2022-01-31 07:07:50,"R_2trpup7ncmNhBrv",NA,NA,NA,NA,"anonymous","EN","Yes",56,"Male",NA,6,5,5,7,93,7,6,7,7,93,7,5,5,7,94,6,4,6,6,100,6,7,7,7,94,7,5,7,7,90,"None of the above","Swimming"
2022-01-31 07:05:09,2022-01-31 07:08:32,100,202,TRUE,2022-01-31 07:08:32,"R_1IfPg4zb3O4rAOL",NA,NA,NA,NA,"anonymous","EN","Yes",54,"Male",NA,1,1,1,1,0,7,7,7,7,91,7,7,7,7,100,1,1,2,2,9,1,1,4,4,10,1,1,1,3,11,"None of the above","Soccer"
2022-01-31 07:08:08,2022-01-31 07:09:42,100,94,TRUE,2022-01-31 07:09:43,"R_3n9hqQEr9T7ssIm",NA,NA,NA,NA,"anonymous","EN","Yes",25,"Male",NA,7,1,2,1,42,2,6,1,6,62,7,1,6,1,57,3,6,4,4,53,6,2,3,4,46,4,7,4,3,57,"None of the above","Soccer"
2022-01-31 07:02:51,2022-01-31 07:10:21,100,450,TRUE,2022-01-31 07:10:22,"R_2SJHsLpbQfkNzYG",NA,NA,NA,NA,"anonymous","EN","Yes",29,"Male",NA,3,4,5,5,71,4,4,5,5,69,5,4,6,6,67,5,5,5,4,61,5,4,3,5,65,4,5,5,4,59,"Happy","Swimming"
2022-01-31 06:55:19,2022-01-31 07:10:22,100,903,TRUE,2022-01-31 07:10:22,"R_1liABOAjOnIzOFo",NA,NA,NA,NA,"anonymous","EN","Yes",57,"Male",NA,2,2,2,2,18,6,6,6,6,71,6,6,6,6,71,3,3,3,3,26,1,1,1,1,5,7,7,7,7,89,"None of the above","Soccer"
2022-01-31 07:04:25,2022-01-31 07:15:02,100,636,TRUE,2022-01-31 07:15:02,"R_3een4JCtjLjQoGP",NA,NA,NA,NA,"anonymous","EN","Yes",25,"Female",NA,7,3,5,6,64,3,7,5,7,68,7,7,2,6,61,7,2,6,5,72,5,1,5,7,65,7,5,7,4,70,"None of the above","Soccer"
2022-01-31 07:13:49,2022-01-31 07:15:32,100,103,TRUE,2022-01-31 07:15:33,"R_PBxQKZVu3fXGEHD",NA,NA,NA,NA,"anonymous","EN","Yes",40,"Male",NA,4,5,6,5,54,4,5,6,5,53,4,5,4,3,60,6,4,5,5,54,4,5,6,6,57,4,5,6,5,53,"None of the above","Soccer"
2022-01-31 07:07:44,2022-01-31 07:17:19,100,574,TRUE,2022-01-31 07:17:19,"R_XnaWD5BZcWyOXnz",NA,NA,NA,NA,"anonymous","EN","Yes",25,"Male",NA,5,4,6,5,44,6,5,7,6,61,4,6,4,6,62,6,7,6,5,79,6,5,7,6,42,4,3,2,4,32,"None of the above","Soccer"
2022-01-31 06:58:08,2022-01-31 07:17:32,100,1164,TRUE,2022-01-31 07:17:33,"R_1KvCftTtvvuYE2X",NA,NA,NA,NA,"anonymous","EN","Yes",43,"Male",NA,5,6,6,5,75,5,6,5,6,72,5,4,6,5,71,5,3,4,3,26,5,6,6,5,63,5,6,5,6,75,"None of the above","Soccer"
2022-01-31 06:59:11,2022-01-31 07:18:37,100,1165,TRUE,2022-01-31 07:18:37,"R_2Cv4bRX9ZfONGJR",NA,NA,NA,NA,"anonymous","EN","Yes",25,"Female",NA,6,7,4,5,91,6,3,5,5,70,7,5,5,6,91,6,4,5,5,81,5,6,6,6,79,5,7,6,6,89,"None of the above","Swimming"
2022-01-31 06:58:49,2022-01-31 07:19:05,100,1216,TRUE,2022-01-31 07:19:05,"R_1lizfQG0X7vd41G",NA,NA,NA,NA,"anonymous","EN","Yes",31,"Male",NA,5,4,7,6,67,6,7,5,6,65,5,7,6,7,64,5,2,6,5,56,6,4,6,5,54,5,4,6,6,35,"None of the above","Soccer"
2022-01-31 06:49:37,2022-01-31 07:20:15,100,1837,TRUE,2022-01-31 07:20:15,"R_3oBKYY1rEDRTUeX",NA,NA,NA,NA,"anonymous","EN","Yes",35,"Male",NA,5,6,5,6,74,5,6,5,6,75,5,6,6,5,59,2,2,3,2,73,5,6,5,6,71,4,5,3,3,31,"None of the above","Soccer"
2022-01-31 07:21:52,2022-01-31 07:23:22,100,89,TRUE,2022-01-31 07:23:23,"R_3spnWVduUur9a1R",NA,NA,NA,NA,"anonymous","EN","Yes",39,"Female",NA,2,2,2,2,15,6,6,5,5,77,6,6,6,7,94,2,2,2,2,6,2,2,2,2,7,2,2,1,2,10,"None of the above","Swimming"
2022-01-31 07:20:40,2022-01-31 07:24:54,100,254,TRUE,2022-01-31 07:24:55,"R_1K6XRbnljSfmJmg",NA,NA,NA,NA,"anonymous","EN","Yes",42,"Male",NA,6,5,4,5,77,5,4,5,6,73,6,5,3,4,84,6,5,3,4,79,6,5,4,6,74,5,4,3,4,74,"None of the above","Basketball"
2022-01-31 07:17:52,2022-01-31 07:25:57,100,484,TRUE,2022-01-31 07:25:57,"R_OBti5pucifTj7AB",NA,NA,NA,NA,"anonymous","EN","Yes",33,"Male",NA,1,1,1,1,9,7,7,7,7,100,7,7,7,7,100,1,1,2,2,10,1,1,2,2,19,1,1,1,1,4,"None of the above","Soccer"
2022-01-31 07:17:04,2022-01-31 07:26:35,100,571,TRUE,2022-01-31 07:26:35,"R_tWDZ5aG1akcrrrj",NA,NA,NA,NA,"anonymous","EN","Yes",25,"Male",NA,2,3,2,3,25,5,4,3,5,60,5,6,3,5,64,4,6,5,6,60,7,6,3,5,76,3,2,3,2,39,"None of the above","Swimming"
2022-01-31 07:25:48,2022-01-31 07:27:45,100,117,TRUE,2022-01-31 07:27:45,"R_2atQARxrdztGmcr",NA,NA,NA,NA,"anonymous","EN","Yes",35,"Male",NA,7,7,7,7,84,7,7,6,7,84,7,7,7,7,79,7,7,7,7,84,7,7,7,7,80,7,7,7,7,91,"None of the above","Soccer"
2022-01-31 07:27:00,2022-01-31 07:28:42,100,101,TRUE,2022-01-31 07:28:42,"R_2aVsrxgc2Mp5Aws",NA,NA,NA,NA,"anonymous","EN","Yes",32,"Male",NA,6,7,6,6,93,6,7,6,6,92,6,5,6,6,80,5,6,7,6,80,7,6,5,6,86,5,6,7,6,80,"None of the above","Soccer"
2022-01-31 07:26:36,2022-01-31 07:28:46,100,129,TRUE,2022-01-31 07:28:46,"R_1mrUrjIkSgQB2l1",NA,NA,NA,NA,"anonymous","EN","Yes",25,"Male",NA,7,7,7,7,99,7,7,7,7,100,7,7,7,7,99,7,7,7,7,99,7,7,7,7,98,7,7,7,7,100,"Happy","Basketball"
2022-01-31 07:25:55,2022-01-31 07:29:29,100,214,TRUE,2022-01-31 07:29:30,"R_3hhFSqCARN3Z7Co",NA,NA,NA,NA,"anonymous","EN","Yes",25,"Male",NA,7,5,7,6,79,7,5,7,6,88,7,5,7,6,84,7,5,7,6,98,6,7,5,7,78,7,5,7,6,98,"None of the above","Swimming"
2022-01-31 07:27:13,2022-01-31 07:31:54,100,280,TRUE,2022-01-31 07:31:54,"R_3PLUj5xnxOvyq5Z",NA,NA,NA,NA,"anonymous","EN","Yes",30,"Male",NA,7,6,7,5,69,7,6,5,7,71,7,5,4,6,78,7,6,5,6,78,7,6,5,6,73,7,6,5,7,78,"None of the above","Baseball"
2022-01-31 07:27:11,2022-01-31 07:36:01,100,530,TRUE,2022-01-31 07:36:02,"R_dbs3L8Pqo1zzKnL",NA,NA,NA,NA,"anonymous","EN","Yes",35,"Male",NA,6,7,6,7,82,5,7,5,7,71,6,5,6,4,70,6,5,7,6,72,6,7,5,7,72,6,5,7,6,92,"Happy","Soccer"
2022-01-31 07:29:35,2022-01-31 07:37:27,100,472,TRUE,2022-01-31 07:37:28,"R_BYtVOFBA9A2wPbr",NA,NA,NA,NA,"anonymous","EN","Yes",49,"Female",NA,6,7,6,5,97,7,6,7,6,99,7,7,6,6,96,7,6,5,6,91,6,7,6,5,95,7,6,7,6,95,"None of the above","Basketball"
2022-01-31 07:33:57,2022-01-31 07:37:37,100,220,TRUE,2022-01-31 07:37:37,"R_A1EqBya0hdXo9fr",NA,NA,NA,NA,"anonymous","EN","Yes",44,"Male",NA,3,6,4,3,43,6,4,5,4,83,5,3,4,6,82,6,3,5,4,84,5,3,4,6,70,5,2,4,6,80,"None of the above","Bowling"
2022-01-31 07:35:53,2022-01-31 07:38:16,100,143,TRUE,2022-01-31 07:38:17,"R_xfMLohJVDp5bmFj",NA,NA,NA,NA,"anonymous","EN","Yes",40,"Male",NA,6,7,7,6,82,6,7,7,7,74,6,7,7,7,76,6,7,6,7,68,6,6,7,7,64,6,7,6,7,64,"Happy","Baseball"
2022-01-31 07:27:46,2022-01-31 07:42:53,100,907,TRUE,2022-01-31 07:42:53,"R_u4Udl9ytV5HQV9L",NA,NA,NA,NA,"anonymous","EN","Yes",58,"Female",NA,2,2,3,2,13,4,4,4,4,50,4,4,4,4,50,3,3,4,3,36,3,3,3,2,25,3,2,1,2,16,"None of the above","Swimming"
2022-01-31 07:29:17,2022-01-31 07:47:21,100,1084,TRUE,2022-01-31 07:47:21,"R_3ilmR5tHpx7DBls",NA,NA,NA,NA,"anonymous","EN","Yes",46,"Male",NA,7,6,7,6,100,7,6,7,6,100,7,6,7,7,100,7,7,7,7,100,7,7,7,7,100,7,7,7,6,100,"Happy","Swimming"
2022-01-31 07:46:04,2022-01-31 07:48:25,100,140,TRUE,2022-01-31 07:48:25,"R_3r1IInPwK8MNb2E",NA,NA,NA,NA,"anonymous","EN","Yes",48,"Female",NA,6,5,5,6,76,6,6,5,6,75,6,5,5,6,76,6,5,5,6,79,6,6,5,6,78,6,5,6,5,74,"Satisfied","Soccer"
2022-01-31 07:45:53,2022-01-31 07:48:50,100,177,TRUE,2022-01-31 07:48:51,"R_2fxuB25Nwo5WFLZ",NA,NA,NA,NA,"anonymous","EN","Yes",23,"Male",NA,1,2,2,1,9,5,5,6,7,76,6,5,5,7,70,4,3,4,3,23,2,1,3,2,16,2,1,1,1,2,"None of the above","Soccer"
2022-01-31 07:47:59,2022-01-31 07:49:34,100,95,TRUE,2022-01-31 07:49:34,"R_1ieeHPhEI6jAzSG",NA,NA,NA,NA,"anonymous","EN","Yes",40,"Male",NA,4,5,6,6,53,4,5,6,5,57,6,5,4,5,52,4,5,6,5,55,6,5,4,5,57,4,5,6,6,50,"None of the above","Swimming"
2022-01-31 07:34:20,2022-01-31 07:51:54,100,1053,TRUE,2022-01-31 07:51:54,"R_2PpX7dqMjr1mpo5",NA,NA,NA,NA,"anonymous","EN","Yes",21,"Female",NA,4,3,3,3,41,4,4,4,4,50,4,4,4,4,70,2,1,2,1,16,6,6,6,6,70,1,1,1,1,16,"None of the above","Soccer"
2022-01-31 07:42:57,2022-01-31 07:54:27,100,689,TRUE,2022-01-31 07:54:28,"R_1CJiK3oNI0UT0mz",NA,NA,NA,NA,"anonymous","EN","Yes",39,"Male",NA,7,6,5,6,77,7,5,5,5,72,7,5,6,6,73,5,7,6,7,81,7,5,6,7,78,7,6,7,6,76,"None of the above","Soccer"
2022-01-31 07:42:16,2022-01-31 07:55:40,100,803,TRUE,2022-01-31 07:55:41,"R_1dmIAW8ezknG9pt",NA,NA,NA,NA,"anonymous","EN","Yes",67,"Male",NA,6,3,4,5,84,5,6,6,6,82,6,5,6,7,90,6,2,2,3,91,6,6,5,6,83,3,4,4,4,50,"None of the above","Soccer"
2022-01-31 07:55:10,2022-01-31 07:57:27,100,136,TRUE,2022-01-31 07:57:27,"R_2VQH9PVpQ90OWYs",NA,NA,NA,NA,"anonymous","EN","Yes",51,"Male",NA,7,6,5,7,83,7,7,6,6,82,7,7,5,6,68,6,7,7,6,82,6,7,7,6,68,6,7,7,7,73,"Happy","Soccer"
2022-01-31 07:53:57,2022-01-31 07:57:34,100,217,TRUE,2022-01-31 07:57:35,"R_2E6uOosZLSJN1TS",NA,NA,NA,NA,"anonymous","EN","Yes",27,"Male",NA,2,1,2,1,14,7,6,6,7,77,7,5,6,6,71,3,2,2,3,25,5,6,6,5,84,2,1,1,2,23,"None of the above","Soccer"
2022-01-31 08:20:30,2022-01-31 08:29:05,100,514,TRUE,2022-01-31 08:29:05,"R_2SwZNSGoUSCD9HI",NA,NA,NA,NA,"anonymous","EN","Yes",25,"Male",NA,4,7,6,7,48,6,7,7,6,49,7,7,7,6,48,6,7,7,6,49,6,7,7,7,49,7,6,6,7,48,"None of the above","Soccer"
2022-01-31 08:44:53,2022-01-31 08:47:11,100,138,TRUE,2022-01-31 08:47:12,"R_2ROpm28wwRsszAq",NA,NA,NA,NA,"anonymous","EN","Yes",29,"Male",NA,4,2,7,3,71,4,1,4,6,34,3,5,6,3,75,3,2,6,4,81,3,6,5,3,74,5,2,5,3,81,"None of the above","Soccer"
2022-01-31 08:46:41,2022-01-31 08:48:46,100,124,TRUE,2022-01-31 08:48:48,"R_3mauOBfshJEluUe",NA,NA,NA,NA,"anonymous","EN","Yes",25,"Female",NA,5,6,6,5,86,7,6,5,5,80,7,6,6,5,87,6,7,7,6,79,5,6,7,6,88,7,6,5,5,76,"None of the above","Basketball"
2022-01-31 08:52:56,2022-01-31 08:54:33,100,97,TRUE,2022-01-31 08:54:33,"R_3GBsYC4f5JC4ICo",NA,NA,NA,NA,"anonymous","EN","Yes",25,"Male",NA,7,7,7,6,49,6,7,7,7,47,6,7,7,7,48,7,7,7,7,48,3,2,2,2,52,4,7,7,7,48,"None of the above","Soccer"
