StartDate,EndDate,Status,IPAddress,Progress,Duration (in seconds),Finished,RecordedDate,ResponseId,RecipientLastName,RecipientFirstName,RecipientEmail,ExternalReference,LocationLatitude,LocationLongitude,DistributionChannel,UserLanguage,consentQ,PID,age,gender,gender_4_TEXT,S_ND1_R_1,S_ND1_R_2,S_ND1_R_3,S_ND1_R_4,S_ND1_M_1,R_ND2_R_1,R_ND2_R_2,R_ND2_R_3,R_ND2_R_4,R_ND2_M_1,F_M_R_1,F_M_R_2,F_M_R_3,F_M_R_4,F_M_M_1,A_M_R_1,A_M_R_2,A_M_R_3,A_M_R_4,A_M_M_1,attn_chk_1Q,attn_chk_2_Q,S_ND2_R_1,S_ND2_R_2,S_ND2_R_3,S_ND2_R_4,S_ND2_M_1,R_M_R_1,R_M_R_2,R_M_R_3,R_M_R_4,R_M_M_1,F_ND1_R_1,F_ND1_R_2,F_ND1_R_3,F_ND1_R_4,F_ND1_M_1,A_ND2_R_1,A_ND2_R_2,A_ND2_R_3,A_ND2_R_4,A_ND2_M_1,S_M_R_1,S_M_R_2,S_M_R_3,S_M_R_4,S_M_M_1,R_ND1_R_1,R_ND1_R_2,R_ND1_R_3,R_ND1_R_4,R_ND1_M_1,F_ND2_R_1,F_ND2_R_2,F_ND2_R_3,F_ND2_R_4,F_ND2_M_1,A_ND1_R_1,A_ND1_R_2,A_ND1_R_3,A_ND1_R_4,A_ND1_M_1,previous_version,Sample
2022-04-04 10:35:47,2022-04-04 11:17:50,1,,100,2522,1,2022-04-04 11:17:50,R_325SwMuLwIDPjCO,,,,,,,preview,EN,1,rar,33,1,,4,4,4,4,50,,,,,,4,4,4,4,50,,,,,,7,2,,,,,,4,4,4,4,38,,,,,,4,4,4,4,50,,,,,,,,,,,,,,,,,,,,,3,MTurk
2022-04-04 11:38:49,2022-04-04 11:40:10,0,,100,80,1,2022-04-04 11:40:10,R_1jZWz1orWcGBLE5,,,,,,,anonymous,EN,1,A2GZNOA5CIVKUB,28,2,,,,,,,,,,,,,,,,,,,,,,7,5,,,,,,6,7,7,7,77,,,,,,,,,,,7,6,6,7,92,,,,,,,,,,,7,6,6,7,92,2,MTurk
2022-04-04 11:38:15,2022-04-04 11:40:11,0,,100,116,1,2022-04-04 11:40:12,R_tY8qodZmoaJCZJT,,,,,,,anonymous,EN,1,AAQ3J9OI2GC8I,29,1,,,,,,,,,,,,4,5,3,4,98,,,,,,7,1,,,,,,,,,,,,,,,,4,6,5,6,71,6,3,5,4,77,4,5,6,5,74,,,,,,,,,,,2,MTurk
2022-04-04 11:38:28,2022-04-04 11:40:25,0,,100,116,1,2022-04-04 11:40:25,R_3HSaPOvCBdjETiB,,,,,,,anonymous,EN,1,A3SUDYDNOPTMGX,31,5,,,,,,,,,,,,,,,,,7,7,7,7,100,7,2,7,7,7,7,100,7,7,7,7,100,7,7,7,7,100,,,,,,,,,,,,,,,,,,,,,,,,,,2,MTurk
2022-04-04 11:38:55,2022-04-04 11:40:33,0,,100,97,1,2022-04-04 11:40:33,R_4NGwtjbEp1RP46l,,,,,,,anonymous,EN,1,A17JG931AT38CO,36,2,,,,,,,,,,,,,,,,,5,4,5,4,50,7,2,5,4,5,4,50,5,4,5,4,50,4,5,4,5,50,,,,,,,,,,,,,,,,,,,,,,,,,,2,MTurk
2022-04-04 11:38:46,2022-04-04 11:40:37,0,,100,110,1,2022-04-04 11:40:38,R_2tthawW0rf2ZbE1,,,,,,,anonymous,EN,1,ASH7SVFWH0KT1,25,1,,,,,,,,,,,,3,2,2,1,51,,,,,,7,2,,,,,,,,,,,,,,,,5,4,7,1,52,2,1,3,1,53,5,4,4,4,43,,,,,,,,,,,3,MTurk
2022-04-04 11:39:50,2022-04-04 11:40:38,0,,100,48,1,2022-04-04 11:40:38,R_pyj3eM98AIT9UwF,,,,,,,anonymous,EN,1,A2T11H7YI7QPGD,31,1,,,,,,,,,,,,,,,,,6,4,4,7,39,7,2,,,,,,,,,,,,,,,,,,,,,6,6,5,7,67,5,6,5,7,32,6,3,5,7,66,,,,,,2,MTurk
2022-04-04 11:38:32,2022-04-04 11:40:40,0,,100,127,1,2022-04-04 11:40:40,R_2CqAGTvxUfioSsQ,,,,,,,anonymous,EN,1,A1BHJYSEFJ7APX,28,1,,7,5,6,6,94,,,,,,7,6,7,6,90,,,,,,4,1,,,,,,7,6,7,6,96,,,,,,7,6,6,7,90,,,,,,,,,,,,,,,,,,,,,1,MTurk
2022-04-04 11:38:23,2022-04-04 11:40:40,0,,100,137,1,2022-04-04 11:40:41,R_1kTUd7Wpn8Lis9X,,,,,,,anonymous,EN,1,AGKCK081EU63R,55,1,,6,6,6,6,85,6,6,6,6,86,6,6,6,6,86,6,6,6,6,85,7,2,,,,,,,,,,,,,,,,,,,,,,,,,,,,,,,,,,,,,,,,,2,MTurk
2022-04-04 11:38:58,2022-04-04 11:40:54,0,,100,116,1,2022-04-04 11:40:55,R_2ZERpeVSkeqRLzA,,,,,,,anonymous,EN,1,A11042NCTA8PGT,35,1,,,,,,,,,,,,7,7,7,7,90,,,,,,7,2,,,,,,,,,,,,,,,,7,7,7,7,90,7,7,7,7,90,7,7,7,7,90,,,,,,,,,,,2,MTurk
2022-04-04 11:39:33,2022-04-04 11:40:55,0,,100,81,1,2022-04-04 11:40:55,R_10JnsaIWs7WmNZF,,,,,,,anonymous,EN,1,A10T0161B70BXP,26,1,,7,7,7,7,94,7,7,7,7,93,7,7,7,7,92,7,7,7,7,100,7,2,,,,,,,,,,,,,,,,,,,,,,,,,,,,,,,,,,,,,,,,,2,MTurk
2022-04-04 11:38:46,2022-04-04 11:40:55,0,,100,129,1,2022-04-04 11:40:56,R_3EhFoz9NoNCteA4,,,,,,,anonymous,EN,1,A23XM9DGWLJ2O6,33,2,,,,,,,,,,,,,,,,,7,7,7,7,93,7,2,,,,,,,,,,,,,,,,,,,,,7,7,7,7,100,7,7,7,7,100,7,7,7,7,100,,,,,,2,MTurk
2022-04-04 11:39:38,2022-04-04 11:41:00,0,,100,81,1,2022-04-04 11:41:00,R_1DTq8JPi0qBW8dJ,,,,,,,anonymous,EN,1,A77EN6TMUN0ZM,25,1,,,,,,,,,,,,,,,,,2,6,4,7,66,7,3,,,,,,,,,,,,,,,,,,,,,6,7,2,1,64,4,2,6,5,64,7,6,4,1,62,,,,,,2,MTurk
2022-04-04 11:38:25,2022-04-04 11:41:08,0,,100,162,1,2022-04-04 11:41:08,R_2chbZnFlJKPjCwd,,,,,,,anonymous,EN,1,APVJEN2541WFB,31,2,,6,6,7,6,94,6,7,7,7,95,7,6,7,6,94,7,7,7,7,97,7,2,,,,,,,,,,,,,,,,,,,,,,,,,,,,,,,,,,,,,,,,,2,MTurk
2022-04-04 11:39:08,2022-04-04 11:41:15,0,,100,127,1,2022-04-04 11:41:15,R_10qn30KCeif5Nsv,,,,,,,anonymous,EN,1,AWTO3UJPUNFTV,34,2,,,,,,,,,,,,,,,,,,,,,,7,,,,,,,6,7,6,7,67,,,,,,,,,,,6,7,4,7,82,,,,,,6,7,5,7,75,6,7,6,7,84,1,MTurk
2022-04-04 11:38:41,2022-04-04 11:41:20,0,,100,158,1,2022-04-04 11:41:20,R_4Zrw0g6ILoM3VbX,,,,,,,anonymous,EN,1,A44H8KJCD6CB2,29,1,,,,,,,,,,,,,,,,,,,,,,7,1,,,,,,,,,,,,,,,,,,,,,7,7,7,7,100,,,,,,7,7,7,7,100,7,7,7,7,100,1,MTurk
2022-04-04 11:38:50,2022-04-04 11:41:27,0,,100,156,1,2022-04-04 11:41:27,R_29vmyuMTasMGazr,,,,,,,anonymous,EN,1,A14NHSP2SCMCX,45,2,,,,,,,,,,,,,,,,,6,7,7,6,99,7,1,,,,,,,,,,,,,,,,,,,,,7,7,7,7,100,6,7,7,7,96,7,6,7,7,99,,,,,,2,MTurk
2022-04-04 11:40:12,2022-04-04 11:41:41,0,,100,88,1,2022-04-04 11:41:41,R_3JJdx6xxCRWaxhe,,,,,,,anonymous,EN,1,A35CL66BEUSJ5Z,33,2,,,,,,,,,,,,,,,,,,,,,,,2,,,,,,5,2,5,6,83,,,,,,,,,,,5,7,4,5,72,,,,,,6,3,4,6,69,5,7,6,6,87,2,MTurk
2022-04-04 11:40:16,2022-04-04 11:41:48,0,,100,92,1,2022-04-04 11:41:48,R_3CDgNfiOWdz8Pvp,,,,,,,anonymous,EN,1,ALYR5CI2SM2JC,32,1,,,,,,,,,,,,,,,,,7,7,7,7,100,7,2,7,7,7,7,100,7,7,7,7,100,7,7,7,7,100,,,,,,,,,,,,,,,,,,,,,,,,,,2,MTurk
2022-04-04 11:38:40,2022-04-04 11:41:52,0,,100,191,1,2022-04-04 11:41:52,R_1LTCJmdlieczDsB,,,,,,,anonymous,EN,1,A2DT4CC9GYKJEV,27,2,,,,,,,,,,,,,,,,,,,,,,7,,,,,,,6,6,5,5,79,,,,,,,,,,,7,7,7,7,100,,,,,,6,7,7,7,100,5,6,5,5,90,1,MTurk
2022-04-04 11:38:39,2022-04-04 11:42:00,0,,100,200,1,2022-04-04 11:42:00,R_6Ru6GJHazofvTsl,,,,,,,anonymous,EN,1,A2JTLY1K6E2YAG,28,1,,6,6,6,6,86,,,,,,6,6,6,6,82,,,,,,7,2,,,,,,7,7,7,7,94,,,,,,7,7,7,7,90,,,,,,,,,,,,,,,,,,,,,2,MTurk
2022-04-04 11:38:38,2022-04-04 11:42:13,0,,100,214,1,2022-04-04 11:42:13,R_3qyx6breqt7pzRA,,,,,,,anonymous,EN,1,A2X3WU3THK95A9,27,1,,6,7,7,7,90,6,7,6,7,85,7,7,6,6,88,6,7,7,6,91,7,2,,,,,,,,,,,,,,,,,,,,,,,,,,,,,,,,,,,,,,,,,2,MTurk
2022-04-04 11:38:52,2022-04-04 11:42:13,0,,100,200,1,2022-04-04 11:42:13,R_3RxUiVbmexEdP37,,,,,,,anonymous,EN,1,A2MOKIEQZ0OF2M,59,1,,7,7,7,7,95,7,7,7,7,94,6,7,7,7,93,7,7,7,7,95,7,5,,,,,,,,,,,,,,,,,,,,,,,,,,,,,,,,,,,,,,,,,3,MTurk
2022-04-04 11:39:22,2022-04-04 11:42:22,0,,100,180,1,2022-04-04 11:42:22,R_2v376TRgyrNlgya,,,,,,,anonymous,EN,1,ASV5AV9SSO4CI,30,2,,7,6,7,6,80,,,,,,6,7,6,7,90,,,,,,7,1,,,,,,6,7,5,6,80,,,,,,6,6,5,7,72,,,,,,,,,,,,,,,,,,,,,1,MTurk
2022-04-04 11:40:24,2022-04-04 11:42:31,0,,100,126,1,2022-04-04 11:42:31,R_3ilsYTwKLYtjRdf,,,,,,,anonymous,EN,1,A2VIKCIM9TZL22,26,1,,,,,,,,,,,,5,5,5,5,72,,,,,,7,2,,,,,,,,,,,,,,,,5,5,5,5,64,6,6,6,6,89,6,6,6,6,86,,,,,,,,,,,2,MTurk
2022-04-04 11:39:24,2022-04-04 11:42:33,0,,100,188,1,2022-04-04 11:42:33,R_2rIt7FtZ5dhODNt,,,,,,,anonymous,EN,1,A3R9G09MWQW6OY,33,2,,,,,,,,,,,,,,,,,7,6,7,7,81,7,3,7,7,7,7,100,7,6,6,7,100,7,6,7,7,100,,,,,,,,,,,,,,,,,,,,,,,,,,1,MTurk
2022-04-04 11:38:30,2022-04-04 11:42:39,0,,100,248,1,2022-04-04 11:42:39,R_REQrEdO7R9lyyoV,,,,,,,anonymous,EN,1,A2POA9ZYEH8WOV,39,1,,,,,,,,,,,,,,,,,4,4,4,4,64,7,2,5,6,6,5,83,6,5,7,7,73,6,5,6,7,54,,,,,,,,,,,,,,,,,,,,,,,,,,2,MTurk
2022-04-04 11:38:17,2022-04-04 11:42:46,0,,100,269,1,2022-04-04 11:42:47,R_Rr9fc7mSgeb4KAN,,,,,,,anonymous,EN,1,A3NNDNMBKSZ22H,45,1,,,,,,,,,,,,,,,,,,,,,,7,2,,,,,,,,,,,,,,,,,,,,,6,6,6,6,90,,,,,,6,6,6,6,90,6,6,6,6,90,2,MTurk
2022-04-04 11:41:08,2022-04-04 11:42:48,0,,100,100,1,2022-04-04 11:42:48,R_1kFVGyHth18uDqU,,,,,,,anonymous,EN,1,AXTLWMB07D9EH,30,1,,,,,,,,,,,,,,,,,3,3,2,3,78,7,3,,,,,,,,,,,,,,,,,,,,,4,2,2,3,84,3,3,3,3,83,4,2,3,2,82,,,,,,1,MTurk
2022-04-04 11:39:19,2022-04-04 11:42:48,0,,100,208,1,2022-04-04 11:42:49,R_3NwXewSFfeSTRrs,,,,,,,anonymous,EN,1,AGZ0KJNGENZ1J,41,2,,7,7,7,7,100,,,,,,7,7,7,7,100,,,,,,7,2,,,,,,7,7,7,7,100,,,,,,7,7,7,7,100,,,,,,,,,,,,,,,,,,,,,2,MTurk
2022-04-04 11:38:16,2022-04-04 11:42:49,0,,100,273,1,2022-04-04 11:42:50,R_1jkNDuTGaB8sYhR,,,,,,,anonymous,EN,1,A3DUPRZSMU9W5R,46,2,,,,,,,,,,,,,,,,,6,6,5,6,75,7,2,,,,,,,,,,,,,,,,,,,,,5,5,4,6,64,5,6,4,6,70,4,5,5,5,65,,,,,,2,MTurk
2022-04-04 11:39:13,2022-04-04 11:42:50,0,,100,217,1,2022-04-04 11:42:51,R_3jZE6W2LbeHCEsG,,,,,,,anonymous,EN,1,A3H93KCVR75XVX,38,2,,,,,,,,,,,,,,,,,7,6,7,6,81,7,2,,,,,,,,,,,,,,,,,,,,,7,6,7,6,80,7,6,7,6,85,7,6,7,6,85,,,,,,2,MTurk
2022-04-04 11:39:07,2022-04-04 11:42:53,0,,100,225,1,2022-04-04 11:42:53,R_3GlInHZAksDPIYH,,,,,,,anonymous,EN,1,A2YRU381D269NA,62,1,,,,,,,,,,,,6,6,5,5,80,,,,,,7,2,,,,,,,,,,,,,,,,6,6,6,6,85,6,5,5,6,80,6,6,5,6,80,,,,,,,,,,,2,MTurk
2022-04-04 11:39:07,2022-04-04 11:42:54,0,,100,226,1,2022-04-04 11:42:54,R_d6XPGvNdSlCKtnr,,,,,,,anonymous,EN,1,A1L04V7KJLXACJ,25,2,,,,,,,,,,,,,,,,,,,,,,,1,,,,,,6,7,5,6,78,,,,,,,,,,,5,6,5,7,84,,,,,,6,5,6,6,95,5,6,5,5,90,1,MTurk
2022-04-04 11:40:28,2022-04-04 11:42:58,0,,100,150,1,2022-04-04 11:42:59,R_pK5jeeX6d2dAI0h,,,,,,,anonymous,EN,1,A2KW87ZD2ELYNG,42,1,,3,3,5,5,40,4,4,5,5,45,4,4,5,5,46,4,4,5,5,45,7,2,,,,,,,,,,,,,,,,,,,,,,,,,,,,,,,,,,,,,,,,,2,MTurk
2022-04-04 11:40:29,2022-04-04 11:43:10,0,,100,161,1,2022-04-04 11:43:10,R_31hd8RprdL6lr7d,,,,,,,anonymous,EN,1,A2D8LB2RPJXMSQ,33,2,,6,5,5,5,66,5,5,5,6,57,6,5,5,6,64,5,5,6,6,67,7,2,,,,,,,,,,,,,,,,,,,,,,,,,,,,,,,,,,,,,,,,,3,MTurk
2022-04-04 11:38:39,2022-04-04 11:43:26,0,,100,287,1,2022-04-04 11:43:26,R_2wnLfWjbKgkusVc,,,,,,,anonymous,EN,1,A3MHLQBHJ266G,33,2,,6,6,6,6,88,,,,,,6,6,6,6,85,,,,,,7,2,,,,,,6,6,6,6,71,,,,,,4,4,4,4,75,,,,,,,,,,,,,,,,,,,,,2,MTurk
2022-04-04 11:38:45,2022-04-04 11:43:35,0,,100,290,1,2022-04-04 11:43:36,R_3koGsUw2FZ2dFTY,,,,,,,anonymous,EN,1,A2KED6T6BO622W,52,2,,,,,,,,,,,,,,,,,7,7,7,7,100,7,2,,,,,,,,,,,,,,,,,,,,,7,7,7,7,100,7,7,7,7,100,7,7,7,7,100,,,,,,2,MTurk
2022-04-04 11:41:36,2022-04-04 11:43:36,0,,100,119,1,2022-04-04 11:43:36,R_1r7gw32orMremH1,,,,,,,anonymous,EN,1,A16XICHYMHNDYL,48,2,,7,5,7,6,81,6,7,6,5,83,7,7,5,7,85,6,7,7,5,87,7,2,,,,,,,,,,,,,,,,,,,,,,,,,,,,,,,,,,,,,,,,,1,MTurk
2022-04-04 11:42:20,2022-04-04 11:43:45,0,,100,85,1,2022-04-04 11:43:46,R_3I0LPiy1iHzGZ9G,,,,,,,anonymous,EN,1,A29RCIFHRAZ797,29,1,,,,,,,,,,,,,,,,,5,6,5,6,80,7,1,,,,,,,,,,,,,,,,,,,,,4,6,4,5,76,4,6,5,6,77,5,6,5,4,68,,,,,,2,MTurk
2022-04-04 11:39:40,2022-04-04 11:43:46,0,,100,246,1,2022-04-04 11:43:47,R_3j7fsjwsW9X1NHX,,,,,,,anonymous,EN,1,A2HJ1771PU6R61,29,1,,,,,,,,,,,,,,,,,7,7,7,7,100,7,1,7,7,7,7,100,7,7,7,7,100,7,7,7,7,100,,,,,,,,,,,,,,,,,,,,,,,,,,1,MTurk
2022-04-04 11:41:29,2022-04-04 11:43:47,0,,100,138,1,2022-04-04 11:43:48,R_1gurrFWHEVFAXAm,,,,,,,anonymous,EN,1,A1GUWXA5B6RCOR,46,1,,6,7,6,7,89,5,6,5,7,71,5,5,6,7,72,6,7,6,6,95,7,2,,,,,,,,,,,,,,,,,,,,,,,,,,,,,,,,,,,,,,,,,1,MTurk
2022-04-04 11:38:55,2022-04-04 11:43:48,0,,100,292,1,2022-04-04 11:43:48,R_VUWQWtbgtaSk6vn,,,,,,,anonymous,EN,1,A1AU1OYVLTWX0,31,1,,6,6,5,4,68,,,,,,6,5,6,6,55,,,,,,5,4,,,,,,7,6,5,5,82,,,,,,6,5,4,6,66,,,,,,,,,,,,,,,,,,,,,1,MTurk
2022-04-04 11:40:35,2022-04-04 11:43:56,0,,100,201,1,2022-04-04 11:43:56,R_z2OcpaH9syjIGMp,,,,,,,anonymous,EN,1,A2AYZ17LTPW639,30,1,,,,,,,,,,,,,,,,,,,,,,2,3,,,,,,4,4,5,2,75,,,,,,,,,,,,,,,,,,,,,3,4,6,4,65,6,3,5,7,66,1,MTurk
2022-04-04 11:38:48,2022-04-04 11:43:57,0,,100,308,1,2022-04-04 11:43:57,R_1Q6pUIJgO6N46ZR,,,,,,,anonymous,EN,1,A3NW8QKWOVG5J4,35,2,,,,,,,,,,,,,,,,,7,7,7,7,96,7,2,7,7,7,7,95,7,7,7,7,95,7,7,7,7,96,,,,,,,,,,,,,,,,,,,,,,,,,,1,MTurk
2022-04-04 11:39:38,2022-04-04 11:44:03,0,,100,264,1,2022-04-04 11:44:04,R_1Kj4zMcCWOmG01c,,,,,,,anonymous,EN,1,A2J2K68MTV4ZPG,23,2,,,,,,,,,,,,6,6,6,5,55,,,,,,7,2,,,,,,,,,,,,,,,,5,6,7,7,59,7,5,5,6,61,7,5,5,6,73,,,,,,,,,,,2,MTurk
2022-04-04 11:38:50,2022-04-04 11:44:05,0,,100,315,1,2022-04-04 11:44:06,R_1r94RI5BQyproyU,,,,,,,anonymous,EN,1,ASCBKU2SM61JU,47,2,,,,,,,,,,,,,,,,,6,7,6,6,98,7,2,6,6,6,6,98,7,7,7,7,100,7,7,7,7,100,,,,,,,,,,,,,,,,,,,,,,,,,,2,MTurk
2022-04-04 11:42:22,2022-04-04 11:44:09,0,,100,106,1,2022-04-04 11:44:09,R_1Cskl487D55mF0h,,,,,,,anonymous,EN,1,A39LVL4A92K88X,25,1,,,,,,,,,,,,6,5,1,5,90,,,,,,7,2,,,,,,,,,,,,,,,,2,3,1,5,71,2,7,6,2,62,2,2,7,5,64,,,,,,,,,,,2,MTurk
2022-04-04 11:40:09,2022-04-04 11:44:12,0,,100,243,1,2022-04-04 11:44:12,R_3npYfJQ96AvCzMC,,,,,,,anonymous,EN,1,A1DIIHES13WEBR,24,1,,5,4,4,5,69,,,,,,5,4,4,5,50,,,,,,7,2,,,,,,2,7,4,5,58,,,,,,6,5,4,5,65,,,,,,,,,,,,,,,,,,,,,2,MTurk
2022-04-04 11:41:03,2022-04-04 11:44:16,0,,100,192,1,2022-04-04 11:44:16,R_3XlwB7KgpRAwk9j,,,,,,,anonymous,EN,1,ARQR5NIFA1AJ,37,2,,,,,,,,,,,,6,7,5,5,69,,,,,,7,5,,,,,,,,,,,,,,,,7,7,5,7,92,7,7,7,7,94,6,7,6,6,85,,,,,,,,,,,2,MTurk
2022-04-04 11:41:12,2022-04-04 11:44:17,0,,100,184,1,2022-04-04 11:44:18,R_1P0PDohdAeGeiN8,,,,,,,anonymous,EN,1,A1QUQFADXQ6NBS,30,2,,6,7,6,7,83,,,,,,7,5,6,7,91,,,,,,7,2,,,,,,7,5,6,5,78,,,,,,7,6,5,6,63,,,,,,,,,,,,,,,,,,,,,3,MTurk
2022-04-04 11:39:45,2022-04-04 11:44:18,0,,100,272,1,2022-04-04 11:44:18,R_1eOWDybYe4mKE5m,,,,,,,anonymous,EN,1,A9CXJ9J58XIOB,40,2,,,,,,,,,,,,,,,,,6,4,2,6,69,1,3,6,4,2,5,72,7,5,3,6,68,7,4,6,5,78,,,,,,,,,,,,,,,,,,,,,,,,,,1,MTurk
2022-04-04 11:39:43,2022-04-04 11:44:20,0,,100,277,1,2022-04-04 11:44:22,R_2y7NlkMlgZx2d9T,,,,,,,anonymous,EN,1,A1OWM3QO7QAKBN,30,1,,7,7,7,7,100,,,,,,6,6,6,6,90,,,,,,7,2,,,,,,7,7,7,7,100,,,,,,7,7,7,7,100,,,,,,,,,,,,,,,,,,,,,2,MTurk
2022-04-04 11:38:39,2022-04-04 11:44:29,0,,100,349,1,2022-04-04 11:44:29,R_DO9BpuxW75TDUWJ,,,,,,,anonymous,EN,1,A2CQVV56HAWA09,45,1,,,,,,,,,,,,,,,,,7,6,6,7,64,6,3,,,,,,,,,,,,,,,,,,,,,7,6,7,6,81,7,6,7,6,75,7,6,7,5,94,,,,,,1,MTurk
2022-04-04 11:40:03,2022-04-04 11:44:31,0,,100,267,1,2022-04-04 11:44:31,R_1Nll87Ueqf2lzlG,,,,,,,anonymous,EN,1,A2TYVYRGXYSXJA,32,2,,,,,,,,,,,,,,,,,,,,,,7,2,,,,,,6,5,7,6,70,,,,,,,,,,,6,5,6,7,83,,,,,,,,,,,6,4,4,6,88,1,MTurk
2022-04-04 11:39:33,2022-04-04 11:44:43,0,,100,309,1,2022-04-04 11:44:43,R_3j7NxwWNM34SAgf,,,,,,,anonymous,EN,1,A1PTMYSJ5TJ479,35,1,,,,,,,,,,,,,,,,,5,7,4,6,88,7,5,,,,,,,,,,,,,,,,,,,,,7,7,6,7,96,4,5,2,3,74,7,7,5,7,96,,,,,,3,MTurk
2022-04-04 11:38:59,2022-04-04 11:44:58,0,,100,359,1,2022-04-04 11:44:59,R_3nJcu8l6HJ9u6W0,,,,,,,anonymous,EN,1,A3DK3G3CBMNZMP,34,1,,,,,,,,,,,,,,,,,3,5,6,5,60,7,5,5,6,6,5,65,7,6,7,7,76,5,6,5,6,66,,,,,,,,,,,,,,,,,,,,,,,,,,2,MTurk
2022-04-04 11:41:17,2022-04-04 11:45:03,0,,100,226,1,2022-04-04 11:45:04,R_C1PlDorsJgntTMJ,,,,,,,anonymous,EN,1,AHXFT8NI7QA1A,52,1,,,,,,,,,,,,6,5,4,4,82,,,,,,7,2,,,,,,,,,,,,,,,,5,7,5,6,81,5,6,5,6,77,6,5,6,7,88,,,,,,,,,,,1,MTurk
2022-04-04 11:41:28,2022-04-04 11:45:06,0,,100,218,1,2022-04-04 11:45:06,R_3L1jXwR8H8rZ2g9,,,,,,,anonymous,EN,1,AS92V08A13X6Y,43,1,,,,,,,,,,,,,,,,,,,,,,2,3,,,,,,2,4,7,6,62,,,,,,,,,,,3,5,7,2,61,,,,,,,,,,,3,6,5,2,69,1,MTurk
2022-04-04 11:39:07,2022-04-04 11:45:09,0,,100,362,1,2022-04-04 11:45:09,R_2zSCTi1L7odzMQx,,,,,,,anonymous,EN,1,AMEGLR4IDYQWR,19,2,,7,7,6,6,100,7,6,7,7,100,7,6,6,6,100,7,7,6,6,100,1,5,,,,,,,,,,,,,,,,,,,,,,,,,,,,,,,,,,,,,,,,,1,MTurk
2022-04-04 11:42:38,2022-04-04 11:45:11,0,,100,153,1,2022-04-04 11:45:12,R_1NDfZLwN3hzszPr,,,,,,,anonymous,EN,1,AHDBHMH3AY1V2,36,1,,,,,,,,,,,,,,,,,6,6,5,6,80,7,2,6,6,6,6,80,6,6,6,6,80,6,6,5,5,80,,,,,,,,,,,,,,,,,,,,,,,,,,2,MTurk
2022-04-04 11:41:09,2022-04-04 11:45:15,0,,100,245,1,2022-04-04 11:45:15,R_u9ef517ONjB0W1r,,,,,,,anonymous,EN,1,AXY0D2AMLKE2A,38,1,,,,,,,,,,,,,,,,,7,7,7,7,92,7,2,7,7,7,7,90,7,7,7,7,91,7,7,7,7,92,,,,,,,,,,,,,,,,,,,,,,,,,,2,MTurk
2022-04-04 11:43:57,2022-04-04 11:45:16,0,,100,79,1,2022-04-04 11:45:16,R_1FkQfJVShMmWhzc,,,,,,,anonymous,EN,1,A2OXC04RWHEY3S,30,1,,,,,,,,,,,,,,,,,,,,,,7,3,,,,,,5,3,2,2,84,,,,,,,,,,,4,3,2,3,85,,,,,,,,,,,4,2,3,2,79,1,MTurk
2022-04-04 11:40:25,2022-04-04 11:45:18,0,,100,293,1,2022-04-04 11:45:18,R_3lGftABdiDAVloo,,,,,,,anonymous,EN,1,A59DVED5S9N9Y,42,1,,7,7,7,7,100,7,7,7,7,100,7,7,7,7,93,7,7,7,7,97,7,2,,,,,,,,,,,,,,,,,,,,,,,,,,,,,,,,,,,,,,,,,1,MTurk
2022-04-04 11:41:23,2022-04-04 11:45:19,0,,100,236,1,2022-04-04 11:45:20,R_3P6mDWQ0QPwSyTq,,,,,,,anonymous,EN,1,: COPIEDA15YVS3EA7EJLZ,30,1,,6,7,6,7,90,,,,,,7,7,7,7,100,,,,,,1,3,,,,,,7,7,7,7,93,,,,,,7,6,7,7,100,,,,,,,,,,,,,,,,,,,,,1,MTurk
2022-04-04 11:42:23,2022-04-04 11:45:26,0,,100,183,1,2022-04-04 11:45:26,R_3KPhUI94PenKx3y,,,,,,,anonymous,EN,1,A1ZEK19L6KD160,63,1,,,,,,,,,,,,,,,,,5,4,5,4,50,7,2,,,,,,,,,,,,,,,,,,,,,4,6,4,6,50,5,4,3,5,52,5,4,5,4,59,,,,,,2,MTurk
2022-04-04 11:43:48,2022-04-04 11:45:28,0,,100,99,1,2022-04-04 11:45:28,R_3qD5lyUHTqIYlNS,,,,,,,anonymous,EN,1,ASAAL9165IX44,32,1,,6,6,6,6,84,6,6,6,7,88,6,6,6,6,90,6,6,6,6,85,7,2,,,,,,,,,,,,,,,,,,,,,,,,,,,,,,,,,,,,,,,,,2,MTurk
2022-04-04 11:41:56,2022-04-04 11:45:33,0,,100,216,1,2022-04-04 11:45:33,R_7VXjy9bpm1UsqPL,,,,,,,anonymous,EN,1,A1RFECS63DTC3U,25,1,,5,2,6,4,50,,,,,,1,3,4,1,60,,,,,,7,2,,,,,,4,1,5,6,58,,,,,,1,3,4,3,47,,,,,,,,,,,,,,,,,,,,,2,MTurk
2022-04-04 11:40:02,2022-04-04 11:45:38,0,,100,336,1,2022-04-04 11:45:39,R_1qevVKFrBlfO3R7,,,,,,,anonymous,EN,1,A24G5OGK4CGB1E,45,1,,7,7,7,6,90,6,7,6,6,90,7,7,7,7,95,7,6,7,6,94,7,2,,,,,,,,,,,,,,,,,,,,,,,,,,,,,,,,,,,,,,,,,2,MTurk
2022-04-04 11:41:04,2022-04-04 11:45:44,0,,100,279,1,2022-04-04 11:45:44,R_3sn7vsZBUvLGByL,,,,,,,anonymous,EN,1,A1YP5RVBAMYORN,30,1,,,,,,,,,,,,,,,,,5,4,3,5,78,1,3,,,,,,,,,,,,,,,,,,,,,5,4,3,2,77,5,4,3,5,63,5,4,3,2,84,,,,,,2,MTurk
2022-04-04 11:43:04,2022-04-04 11:45:45,0,,100,160,1,2022-04-04 11:45:45,R_2ZJHk2jdnaQKn3M,,,,,,,anonymous,EN,1,A3SGVL69ZBJ9CP,41,1,,,,,,,,,,,,,,,,,7,7,7,7,90,7,2,,,,,,,,,,,,,,,,,,,,,6,6,6,6,70,6,6,6,6,80,5,5,4,4,60,,,,,,1,MTurk
2022-04-04 11:38:33,2022-04-04 11:45:45,0,,100,432,1,2022-04-04 11:45:46,R_1PXl2frOPBot1pq,,,,,,,anonymous,EN,1,AEZL6P69UF6KE,21,1,,,,,,,,,,,,,,,,,,,,,,2,2,,,,,,4,7,5,7,84,,,,,,,,,,,5,7,6,3,80,,,,,,,,,,,4,7,6,7,79,1,MTurk
2022-04-04 11:40:02,2022-04-04 11:45:48,0,,100,346,1,2022-04-04 11:45:49,R_qVCU3COjjwUyomd,,,,,,,anonymous,EN,1,AG4RPQ2L662IG,41,2,,6,6,6,6,84,6,6,6,6,96,6,6,6,6,83,3,2,2,2,32,7,2,,,,,,,,,,,,,,,,,,,,,,,,,,,,,,,,,,,,,,,,,1,MTurk
2022-04-04 11:44:08,2022-04-04 11:45:58,0,,100,110,1,2022-04-04 11:45:58,R_C4jcFgTrTSuzo3f,,,,,,,anonymous,EN,1,A353C9DQDQ4JHP,29,1,,,,,,,,,,,,,,,,,6,5,6,6,67,7,1,,,,,,,,,,,,,,,,,,,,,6,5,5,6,71,4,6,5,6,76,6,4,4,6,63,,,,,,2,MTurk
2022-04-04 11:39:26,2022-04-04 11:46:05,0,,100,399,1,2022-04-04 11:46:05,R_ymtQMnpULfkw1KF,,,,,,,anonymous,EN,1,A1TIKB6CAQFH2B,34,2,,,,,,,,,,,,,,,,,,,,,,,2,,,,,,7,4,7,7,82,,,,,,,,,,,4,5,6,7,81,,,,,,7,4,6,7,81,3,5,6,6,42,3,MTurk
2022-04-04 11:43:00,2022-04-04 11:46:05,0,,100,184,1,2022-04-04 11:46:05,R_1gj5AQHL2ns71ri,,,,,,,anonymous,EN,1,AQH7IWG1G5W7F,59,1,,,,,,,,,,,,,,,,,4,5,6,7,98,7,2,,,,,,,,,,,,,,,,,,,,,4,5,6,6,90,4,6,6,4,88,5,5,5,5,79,,,,,,1,MTurk
2022-04-04 11:39:08,2022-04-04 11:46:09,0,,100,420,1,2022-04-04 11:46:09,R_1ODiHSm2n7DEMMG,,,,,,,anonymous,EN,1,A2DVIKO21ME29J,27,1,,,,,,,,,,,,7,6,6,6,83,,,,,,7,2,,,,,,,,,,,,,,,,7,7,6,6,77,5,7,6,6,64,7,7,6,6,71,,,,,,,,,,,2,MTurk
2022-04-04 11:44:32,2022-04-04 11:46:13,0,,100,100,1,2022-04-04 11:46:13,R_u1HjRQSsBpuV5cZ,,,,,,,anonymous,EN,1,A1PTH9KTRO06EG,27,1,,6,6,6,5,75,5,7,6,5,70,6,5,5,4,61,6,7,7,6,83,7,5,,,,,,,,,,,,,,,,,,,,,,,,,,,,,,,,,,,,,,,,,2,MTurk
2022-04-04 11:43:35,2022-04-04 11:46:16,0,,100,161,1,2022-04-04 11:46:16,R_DDaNzyLxOwIZzcB,,,,,,,anonymous,EN,1,A35OD8UU42SM8K,42,1,,,,,,,,,,,,,,,,,4,5,4,6,50,7,5,4,5,5,6,50,5,4,4,6,50,4,5,5,6,50,,,,,,,,,,,,,,,,,,,,,,,,,,2,MTurk
2022-04-04 11:45:03,2022-04-04 11:46:17,0,,100,74,1,2022-04-04 11:46:17,R_1PduhWON30aUOJ6,,,,,,,anonymous,EN,1,A11A34OGEYAJV3,25,1,,,,,,,,,,,,6,1,5,1,75,,,,,,7,2,,,,,,,,,,,,,,,,6,2,6,5,72,4,7,5,3,57,2,5,1,5,63,,,,,,,,,,,2,MTurk
2022-04-04 11:40:18,2022-04-04 11:46:34,0,,100,376,1,2022-04-04 11:46:35,R_247V4FomOKdTJ4e,,,,,,,anonymous,EN,1,A23G3AFE7E6LC6,30,1,,6,5,7,6,90,,,,,,7,5,7,7,92,,,,,,7,2,,,,,,5,6,7,5,86,,,,,,7,6,7,7,81,,,,,,,,,,,,,,,,,,,,,2,MTurk
2022-04-04 11:40:13,2022-04-04 11:46:36,0,,100,382,1,2022-04-04 11:46:36,R_3dDL6SO27Aq32nv,,,,,,,anonymous,EN,1,A103TRSJYJJSQA,30,1,,,,,,,,,,,,,,,,,7,7,7,7,90,7,2,,,,,,,,,,,,,,,,,,,,,7,7,7,7,100,6,6,6,6,83,7,7,7,7,100,,,,,,2,MTurk
2022-04-04 11:43:29,2022-04-04 11:47:11,0,,100,221,1,2022-04-04 11:47:11,R_3GE2oow6Uo3DXXh,,,,,,,anonymous,EN,1,A1PXGHDDNA0DVU,45,2,,,,,,,,,,,,,,,,,6,3,6,3,62,7,2,6,3,5,3,59,6,3,5,3,74,6,3,5,4,72,,,,,,,,,,,,,,,,,,,,,,,,,,1,MTurk
2022-04-04 11:41:42,2022-04-04 11:47:44,0,,100,362,1,2022-04-04 11:47:44,R_12r6g48SsWtfQpV,,,,,,,anonymous,EN,1,A2LFN2XIV2857M,37,2,,,,,,,,,,,,,,,,,,,,,,7,2,,,,,,7,7,7,7,97,,,,,,,,,,,7,7,7,6,96,,,,,,7,7,7,7,97,,,,,,1,MTurk
2022-04-04 11:46:30,2022-04-04 11:47:49,0,,100,78,1,2022-04-04 11:47:49,R_3O1c8IEp6LzkG80,,,,,,,anonymous,EN,1,AI0TZEH5DNODH,25,1,,4,4,6,5,50,,,,,,4,3,1,4,50,,,,,,7,2,,,,,,3,5,1,1,50,,,,,,2,7,7,1,50,,,,,,,,,,,,,,,,,,,,,2,MTurk
2022-04-04 11:40:25,2022-04-04 11:47:54,0,,100,449,1,2022-04-04 11:47:54,R_3paPB3dQTRhx8zX,,,,,,,anonymous,EN,1,A3KAZYT103QCRL,48,2,,6,6,5,7,64,,,,,,6,5,6,6,69,,,,,,7,1,,,,,,6,6,5,6,59,,,,,,6,5,6,7,42,,,,,,,,,,,,,,,,,,,,,1,MTurk
2022-04-04 11:39:04,2022-04-04 11:48:01,0,,100,537,1,2022-04-04 11:48:02,R_3HmZaTxiyDogPc4,,,,,,,anonymous,EN,1,A1CA7AY3BB8Z69,26,2,,7,6,7,6,71,7,6,7,6,83,6,7,6,5,80,6,7,6,7,78,7,2,,,,,,,,,,,,,,,,,,,,,,,,,,,,,,,,,,,,,,,,,2,MTurk
2022-04-04 11:46:38,2022-04-04 11:48:00,0,,100,81,1,2022-04-04 11:48:02,R_5BwOk68rDAr6nsd,,,,,,,anonymous,EN,1,A31SXIXOSI9KF6,25,1,,,,,,,,,,,,2,6,4,7,61,,,,,,7,2,,,,,,,,,,,,,,,,4,4,5,5,60,5,7,6,7,58,5,3,1,5,64,,,,,,,,,,,2,MTurk
2022-04-04 11:40:28,2022-04-04 11:48:19,0,,100,471,1,2022-04-04 11:48:20,R_3qI3gtOTyTp6hfr,,,,,,,anonymous,EN,1,A1AB1H021M9V3B,36,1,,,,,,,,,,,,7,6,7,6,82,,,,,,7,2,,,,,,,,,,,,,,,,7,6,5,6,86,7,6,7,7,80,7,6,5,7,14,,,,,,,,,,,1,MTurk
2022-04-04 11:46:33,2022-04-04 11:48:25,0,,100,111,1,2022-04-04 11:48:25,R_9KtTDSZN0wUIExP,,,,,,,anonymous,EN,1,AQXZUVF2QWLYS,29,1,,,,,,,,,,,,,,,,,5,7,4,5,73,7,1,,,,,,,,,,,,,,,,,,,,,5,6,5,4,77,3,5,4,5,73,5,7,4,5,74,,,,,,2,MTurk
2022-04-04 11:39:09,2022-04-04 11:48:45,0,,100,575,1,2022-04-04 11:48:46,R_1eE42pbLTdos48w,,,,,,,anonymous,EN,1,A2WC8DV7EB0FOY,51,1,,7,7,7,7,92,,,,,,7,7,7,7,92,,,,,,7,2,,,,,,7,7,7,7,100,,,,,,7,7,7,7,100,,,,,,,,,,,,,,,,,,,,,2,MTurk
2022-04-04 11:47:23,2022-04-04 11:48:49,0,,100,85,1,2022-04-04 11:48:49,R_3kcyhXkOTiz5tmx,,,,,,,anonymous,EN,1,ASZ03PSVV908M,30,1,,,,,,,,,,,,,,,,,7,3,4,4,86,7,3,,,,,,,,,,,,,,,,,,,,,4,2,3,3,76,5,3,3,2,83,6,4,3,2,84,,,,,,1,MTurk
2022-04-04 11:39:42,2022-04-04 11:49:16,0,,100,574,1,2022-04-04 11:49:16,R_paPkzqwyWMWo4Bb,,,,,,,anonymous,EN,1,AKLT1NF9KVXND,36,1,,7,5,6,7,77,,,,,,7,6,5,6,76,,,,,,7,2,,,,,,7,6,6,7,78,,,,,,7,6,5,6,70,,,,,,,,,,,,,,,,,,,,,1,MTurk
2022-04-04 11:46:03,2022-04-04 11:49:23,0,,100,199,1,2022-04-04 11:49:23,R_UYMvXgyvSoPQSVX,,,,,,,anonymous,EN,1,AA14UQKGPDG1M,30,1,,,,,,,,,,,,,,,,,7,4,6,6,63,1,3,6,5,5,6,59,5,5,6,7,76,7,6,5,7,60,,,,,,,,,,,,,,,,,,,,,,,,,,1,MTurk
2022-04-04 11:47:28,2022-04-04 11:49:24,0,,100,115,1,2022-04-04 11:49:24,R_2S2i1SSUdCjZHGj,,,,,,,anonymous,EN,1,A2CEGS0NVDBCPT,26,2,,5,6,6,6,90,6,7,7,6,93,6,6,7,7,91,6,7,6,6,87,7,2,,,,,,,,,,,,,,,,,,,,,,,,,,,,,,,,,,,,,,,,,2,MTurk
2022-04-04 11:46:21,2022-04-04 11:49:27,0,,100,185,1,2022-04-04 11:49:27,R_2P5wBaI4hYMEyvF,,,,,,,anonymous,EN,1,A3LL096CAY5WHB,26,1,,,,,,,,,,,,5,7,7,6,82,,,,,,7,2,,,,,,,,,,,,,,,,7,7,6,6,94,6,6,7,7,85,5,6,6,7,79,,,,,,,,,,,2,MTurk
2022-04-04 11:39:08,2022-04-04 11:49:27,0,,100,618,1,2022-04-04 11:49:27,R_QaZaWKVsUfeq7BL,,,,,,,anonymous,EN,1,AL1U6BGXX0WD5,29,1,,6,7,7,6,78,6,6,6,7,80,6,7,6,6,88,6,7,7,7,79,7,2,,,,,,,,,,,,,,,,,,,,,,,,,,,,,,,,,,,,,,,,,2,MTurk
2022-04-04 11:48:19,2022-04-04 11:49:29,0,,100,69,1,2022-04-04 11:49:29,R_30dymR3FZuxySR5,,,,,,,anonymous,EN,1,A2B5Z0P760IMDC,25,1,,7,5,4,6,55,3,4,4,4,58,1,2,2,1,53,5,4,2,6,50,7,2,,,,,,,,,,,,,,,,,,,,,,,,,,,,,,,,,,,,,,,,,2,MTurk
2022-04-04 11:40:08,2022-04-04 11:49:46,0,,100,577,1,2022-04-04 11:49:46,R_3dRGY12TrtnuW4L,,,,,,,anonymous,EN,1,A1KTF07LF5E2LT,30,2,,,,,,,,,,,,,,,,,5,7,5,7,89,7,2,6,7,5,7,90,6,7,6,7,89,6,7,6,7,86,,,,,,,,,,,,,,,,,,,,,,,,,,3,MTurk
2022-04-04 11:47:03,2022-04-04 11:49:54,0,,100,171,1,2022-04-04 11:49:55,R_2wH1Ps00GQZKNEp,,,,,,,anonymous,EN,1,APYN48SQFK4YJ,30,2,,,,,,,,,,,,,,,,,,,,,,7,3,,,,,,6,6,7,6,82,,,,,,,,,,,7,7,6,7,88,,,,,,6,6,7,6,79,,,,,,1,MTurk
2022-04-04 11:45:40,2022-04-04 11:50:03,0,,100,263,1,2022-04-04 11:50:03,R_r2rnVg082WTwgLv,,,,,,,anonymous,EN,1,A1NXBQRLR6SXRE,43,1,,,,,,,,,,,,,,,,,6,6,5,6,81,7,2,7,7,7,7,93,7,6,6,6,81,6,5,6,6,78,,,,,,,,,,,,,,,,,,,,,,,,,,3,MTurk
2022-04-04 11:44:46,2022-04-04 11:50:04,0,,100,317,1,2022-04-04 11:50:04,R_1IYSD0Uf1KddN17,,,,,,,anonymous,EN,1,A50UY1556VDIA,26,1,,,,,,,,,,,,4,5,4,6,68,,,,,,7,2,,,,,,,,,,,,,,,,4,5,5,6,80,5,6,3,5,71,4,5,3,5,63,,,,,,,,,,,2,MTurk
2022-04-04 11:43:45,2022-04-04 11:50:05,0,,100,380,1,2022-04-04 11:50:06,R_3KrxaeaDawmpuwB,,,,,,,anonymous,EN,1,A16UXP3PNM7P6U,30,2,,5,7,5,7,86,6,5,6,7,83,6,5,6,7,86,7,6,5,7,89,7,2,,,,,,,,,,,,,,,,,,,,,,,,,,,,,,,,,,,,,,,,,3,MTurk
2022-04-04 11:48:12,2022-04-04 11:50:19,0,,100,126,1,2022-04-04 11:50:19,R_28FFb0hRGgAKEFz,,,,,,,anonymous,EN,1,A2S4CVETZQ2H4F,51,2,,,,,,,,,,,,,,,,,3,3,3,3,20,7,2,6,6,6,6,50,6,6,6,6,85,5,6,5,5,64,,,,,,,,,,,,,,,,,,,,,,,,,,3,MTurk
2022-04-04 11:39:13,2022-04-04 11:50:25,0,,100,672,1,2022-04-04 11:50:25,R_ptogRnugN6JZrHP,,,,,,,anonymous,EN,1,AQJWO4YPR3LUQ,42,2,,,,,,,,,,,,,,,,,7,7,7,7,99,7,2,7,7,7,7,100,7,7,7,7,97,7,7,7,7,99,,,,,,,,,,,,,,,,,,,,,,,,,,2,MTurk
2022-04-04 11:43:50,2022-04-04 11:50:28,0,,100,397,1,2022-04-04 11:50:28,R_vqPQe9L5ufhjYkh,,,,,,,anonymous,EN,1,A17XHSTT089910,30,2,,6,6,5,7,95,,,,,,6,7,6,7,81,,,,,,7,2,,,,,,5,7,6,6,82,,,,,,6,7,6,7,90,,,,,,,,,,,,,,,,,,,,,3,MTurk
2022-04-04 11:46:21,2022-04-04 11:50:50,0,,100,268,1,2022-04-04 11:50:50,R_9npTphZVBExTGQp,,,,,,,anonymous,EN,1,AFYPTDEBIAO58,32,1,,,,,,,,,,,,,,,,,4,3,4,3,36,7,2,6,7,6,7,84,6,7,6,7,72,6,7,5,6,79,,,,,,,,,,,,,,,,,,,,,,,,,,2,MTurk
2022-04-04 11:49:04,2022-04-04 11:51:00,0,,100,115,1,2022-04-04 11:51:00,R_r9H7U2J1buu0I5H,,,,,,,anonymous,EN,1,AY66B9W9D0E76,24,1,,,,,,,,,,,,,,,,,,,,,,7,2,,,,,,7,1,2,2,70,,,,,,,,,,,6,7,7,1,77,,,,,,3,3,7,2,77,4,2,7,2,74,2,MTurk
2022-04-04 11:49:29,2022-04-04 11:51:03,0,,100,93,1,2022-04-04 11:51:04,R_1EcGCvNPQ1dofKB,,,,,,,anonymous,EN,1,A2HJE1PBW7YD6,30,1,,,,,,,,,,,,5,2,2,3,83,,,,,,7,3,,,,,,,,,,,,,,,,5,3,2,3,80,7,2,2,3,84,5,3,3,2,80,,,,,,,,,,,1,MTurk
2022-04-04 11:47:50,2022-04-04 11:51:10,0,,100,200,1,2022-04-04 11:51:10,R_wMdHu7lS8shgNQ5,,,,,,,anonymous,EN,1,A3J5HRXH4F64SP,40,1,,6,5,5,6,74,,,,,,6,6,7,7,85,,,,,,7,2,,,,,,6,6,5,6,73,,,,,,6,5,5,6,66,,,,,,,,,,,,,,,,,,,,,2,MTurk
2022-04-04 11:48:46,2022-04-04 11:51:16,0,,100,149,1,2022-04-04 11:51:17,R_2rGBL8cKTrXPhBy,,,,,,,anonymous,EN,1,A1VMN1JZT7ZCHD,29,1,,,,,,,,,,,,6,5,6,5,86,,,,,,2,3,,,,,,,,,,,,,,,,6,5,6,5,86,5,6,5,7,92,5,6,5,6,75,,,,,,,,,,,1,MTurk
2022-04-04 11:38:54,2022-04-04 11:51:23,0,,100,749,1,2022-04-04 11:51:24,R_2ymFFjRfX1CY7Kl,,,,,,,anonymous,EN,1,A2XRYF0L5ACD2E,74,1,,,,,,,,,,,,5,5,5,5,69,,,,,,7,2,,,,,,,,,,,,,,,,6,6,6,6,84,6,6,6,6,76,6,6,6,6,75,,,,,,,,,,,2,MTurk
2022-04-04 11:46:55,2022-04-04 11:51:34,0,,100,279,1,2022-04-04 11:51:34,R_xrsSf1aMSe2vxgB,,,,,,,anonymous,EN,1,A9FAQ0A88D8HA,22,2,,6,7,7,6,83,5,5,5,5,66,6,6,5,6,75,7,6,6,7,85,7,2,,,,,,,,,,,,,,,,,,,,,,,,,,,,,,,,,,,,,,,,,2,MTurk
2022-04-04 11:49:19,2022-04-04 11:51:42,0,,100,142,1,2022-04-04 11:51:42,R_RaGOZO312eNaEjT,,,,,,,anonymous,EN,1,A3EPANM004TD1M,39,2,,,,,,,,,,,,,,,,,6,6,6,6,97,7,2,,,,,,,,,,,,,,,,,,,,,6,6,6,6,91,6,6,6,6,99,4,4,4,4,75,,,,,,2,MTurk
2022-04-04 11:45:19,2022-04-04 11:52:11,0,,100,411,1,2022-04-04 11:52:12,R_1mWupx6ZOaVMy7J,,,,,,,anonymous,EN,1,A3D7UTNNNV79NO,39,1,,,,,,,,,,,,,,,,,,,,,,7,2,,,,,,7,5,6,5,73,,,,,,,,,,,7,6,5,5,90,,,,,,6,5,7,6,82,,,,,,3,MTurk
2022-04-04 11:50:34,2022-04-04 11:52:14,0,,100,99,1,2022-04-04 11:52:14,R_2E0NXpUEIxDlusK,,,,,,,anonymous,EN,1,A32PWJ7FB2DTSB,25,1,,,,,,,,,,,,1,3,4,4,56,,,,,,7,2,,,,,,,,,,,,,,,,4,1,5,6,51,3,2,5,7,56,3,3,2,4,53,,,,,,,,,,,2,MTurk
2022-04-04 11:43:41,2022-04-04 11:52:34,0,,100,533,1,2022-04-04 11:52:35,R_2q8yHW3HW856mg0,,,,,,,anonymous,EN,1,A39GZ5UG08W3SM,36,1,,5,6,5,5,71,,,,,,5,6,6,6,74,,,,,,2,2,,,,,,6,5,6,5,52,,,,,,6,4,6,5,68,,,,,,,,,,,,,,,,,,,,,2,MTurk
2022-04-04 11:51:23,2022-04-04 11:52:38,0,,100,74,1,2022-04-04 11:52:38,R_3DXGlyUaOqqM2RP,,,,,,,anonymous,EN,1,A36A2JLZUOPNUM,25,1,,,,,,,,,,,,,,,,,3,7,6,5,82,7,2,5,1,5,7,73,3,5,3,7,82,6,1,7,7,81,,,,,,,,,,,,,,,,,,,,,,,,,,2,MTurk
2022-04-04 11:46:51,2022-04-04 11:52:41,0,,100,349,1,2022-04-04 11:52:41,R_3HSaLi5AlvP7OCJ,,,,,,,anonymous,EN,1,A2R99OKTW7QVER,47,1,,,,,,,,,,,,,,,,,,,,,,7,5,,,,,,5,4,6,5,71,,,,,,,,,,,4,5,6,5,64,,,,,,,,,,,5,5,6,6,69,2,MTurk
2022-04-04 11:50:51,2022-04-04 11:52:52,0,,100,120,1,2022-04-04 11:52:52,R_33j5VVJL1oIxOx1,,,,,,,anonymous,EN,1,AZYIAX8KQR786,62,2,,7,5,4,5,64,,,,,,6,5,4,5,71,,,,,,7,1,,,,,,6,4,3,6,72,,,,,,4,6,5,4,76,,,,,,,,,,,,,,,,,,,,,2,MTurk
2022-04-04 11:50:47,2022-04-04 11:52:52,0,,100,125,1,2022-04-04 11:52:53,R_2aJsoGIzLo2KEpl,,,,,,,anonymous,EN,1,AKP66RIZ3LQVX,24,1,,,,,,,,,,,,,,,,,6,6,4,6,90,7,2,,,,,,,,,,,,,,,,,,,,,6,6,4,6,90,6,6,5,6,90,6,6,4,5,90,,,,,,2,MTurk
2022-04-04 11:46:10,2022-04-04 11:52:59,0,,100,408,1,2022-04-04 11:52:59,R_1Cpu77N3iejFNn3,,,,,,,anonymous,EN,1,A2NPSAFSUBVYE0,64,2,,,,,,,,,,,,,,,,,6,7,6,7,68,7,5,6,7,6,7,77,6,7,6,7,59,6,7,6,7,88,,,,,,,,,,,,,,,,,,,,,,,,,,2,MTurk
2022-04-04 11:50:35,2022-04-04 11:53:32,0,,100,177,1,2022-04-04 11:53:33,R_1dACG9ZU4FuZeIs,,,,,,,anonymous,EN,1,AQUJL0OGG5LHH,28,1,,7,7,7,6,88,7,7,6,7,87,6,7,7,7,100,7,6,6,7,91,7,2,,,,,,,,,,,,,,,,,,,,,,,,,,,,,,,,,,,,,,,,,2,MTurk
2022-04-04 11:48:45,2022-04-04 11:53:36,0,,100,291,1,2022-04-04 11:53:37,R_1pAv1j3tzC9dKG6,,,,,,,anonymous,EN,1,A3EJ48LV1BY8PD,40,1,,,,,,,,,,,,,,,,,7,7,7,7,74,7,2,,,,,,,,,,,,,,,,,,,,,7,7,7,7,81,7,7,7,7,85,7,7,7,7,86,,,,,,2,MTurk
2022-04-04 11:49:40,2022-04-04 11:54:02,0,,100,262,1,2022-04-04 11:54:03,R_3KuvhI2fU1nLyFv,,,,,,,anonymous,EN,1,A3QN8DM6ARBSMZ,53,1,,,,,,,,,,,,,,,,,,,,,,7,2,,,,,,5,7,6,5,82,,,,,,,,,,,6,5,7,6,74,,,,,,,,,,,7,6,5,6,82,1,MTurk
2022-04-04 11:48:25,2022-04-04 11:54:03,0,,100,338,1,2022-04-04 11:54:03,R_2ePYzwBnvRPPNOM,,,,,,,anonymous,EN,1,A13LKULUTCJCVU,28,1,,,,,,,,,,,,,,,,,,,,,,1,5,,,,,,,,,,,,,,,,,,,,,7,5,6,7,81,,,,,,7,5,6,7,64,7,4,6,7,92,3,MTurk
2022-04-04 11:51:15,2022-04-04 11:54:03,0,,100,168,1,2022-04-04 11:54:04,R_Um8eoK6vyk0zRKh,,,,,,,anonymous,EN,1,AN1G3XBF4I711,56,1,,,,,,,,,,,,,,,,,,,,,,1,3,,,,,,6,6,5,5,79,,,,,,,,,,,6,6,5,5,75,,,,,,5,4,5,4,72,,,,,,1,MTurk
2022-04-04 11:51:37,2022-04-04 11:54:05,0,,100,148,1,2022-04-04 11:54:06,R_2xDD4X3dUb5wy3X,,,,,,,anonymous,EN,1,A2WHTNOMVOM4DA,22,1,,,,,,,,,,,,,,,,,,,,,,,2,,,,,,2,5,6,4,50,,,,,,,,,,,3,5,3,6,50,,,,,,3,4,5,4,50,3,5,6,4,50,2,MTurk
2022-04-04 11:51:20,2022-04-04 11:54:14,0,,100,173,1,2022-04-04 11:54:14,R_2s7iQzQE4HrBioF,,,,,,,anonymous,EN,1,A1KI6JFFI8HC2D,32,1,,,,,,,,,,,,6,7,6,7,80,,,,,,7,2,,,,,,,,,,,,,,,,6,7,6,7,74,4,3,3,2,31,7,6,7,6,81,,,,,,,,,,,2,MTurk
2022-04-04 11:50:04,2022-04-04 11:54:25,0,,100,261,1,2022-04-04 11:54:27,R_3fdhPIPG9t7JWrB,,,,,,,anonymous,EN,1,A19IGD5AO7VVV,43,2,,6,6,7,6,66,6,5,7,6,68,6,7,6,6,66,6,5,7,6,68,7,1,,,,,,,,,,,,,,,,,,,,,,,,,,,,,,,,,,,,,,,,,2,MTurk
2022-04-04 11:51:37,2022-04-04 11:54:34,0,,100,176,1,2022-04-04 11:54:34,R_3e9NomkCoSIeuyk,,,,,,,anonymous,EN,1,A13YLEJ4UI0U9X,35,1,,6,7,7,6,84,,,,,,7,6,7,7,87,,,,,,7,2,,,,,,7,6,7,7,77,,,,,,7,6,7,7,82,,,,,,,,,,,,,,,,,,,,,1,MTurk
2022-04-04 11:52:39,2022-04-04 11:54:38,0,,100,119,1,2022-04-04 11:54:38,R_2aOHanOmysw92Cq,,,,,,,anonymous,EN,1,A1YH1WHYO3IFOC,29,1,,,,,,,,,,,,6,6,7,6,81,,,,,,7,2,,,,,,,,,,,,,,,,6,7,6,6,70,6,7,7,6,74,5,6,6,7,76,,,,,,,,,,,3,MTurk
2022-04-04 11:38:56,2022-04-04 11:54:47,0,,100,951,1,2022-04-04 11:54:48,R_2trpAiUYtqf1wM6,,,,,,,anonymous,EN,1,A2ZL4DIW0INJVU,30,1,,,,,,,,,,,,7,7,7,7,93,,,,,,7,2,,,,,,,,,,,,,,,,6,7,7,6,80,7,7,7,6,86,7,6,7,7,83,,,,,,,,,,,2,MTurk
2022-04-04 11:52:09,2022-04-04 11:55:06,0,,100,176,1,2022-04-04 11:55:06,R_1giJJl6i9Ad5Ycw,,,,,,,anonymous,EN,1,AW5I2C6Y1SUBC,35,1,,,,,,,,,,,,,,,,,6,6,7,7,48,1,3,7,6,7,7,49,7,6,6,6,81,7,6,7,7,48,,,,,,,,,,,,,,,,,,,,,,,,,,1,MTurk
2022-04-04 11:52:02,2022-04-04 11:55:16,0,,100,194,1,2022-04-04 11:55:16,R_27m5bLTXJALh8RB,,,,,,,anonymous,EN,1,AZ69TBTDH7AZS,29,1,,6,6,6,6,92,,,,,,6,6,6,6,92,,,,,,7,2,,,,,,6,6,6,6,92,,,,,,6,6,6,6,91,,,,,,,,,,,,,,,,,,,,,2,MTurk
2022-04-04 11:50:14,2022-04-04 11:55:20,0,,100,306,1,2022-04-04 11:55:20,R_TpBK6HJCp4q1urn,,,,,,,anonymous,EN,1,A2USNCULA6D8NH,24,1,,,,,,,,,,,,,,,,,6,5,5,4,72,7,2,,,,,,,,,,,,,,,,,,,,,6,7,7,5,87,6,5,6,6,84,6,7,7,3,82,,,,,,2,MTurk
2022-04-04 11:53:15,2022-04-04 11:55:34,0,,100,139,1,2022-04-04 11:55:35,R_3hhxPIFNsuAnjv0,,,,,,,anonymous,EN,1,A6TWNRAB4JH0X,35,1,,,,,,,,,,,,6,7,7,7,81,,,,,,7,2,,,,,,,,,,,,,,,,7,6,7,6,77,7,7,7,7,82,7,6,7,6,70,,,,,,,,,,,2,MTurk
2022-04-04 11:54:24,2022-04-04 11:55:45,0,,100,81,1,2022-04-04 11:55:45,R_3a7dfltSIyjn90l,,,,,,,anonymous,EN,1,A26E33Z7SI8XXJ,45,1,,,,,,,,,,,,,,,,,7,6,6,7,69,7,2,,,,,,,,,,,,,,,,,,,,,7,6,5,7,75,7,6,5,7,86,7,6,7,6,53,,,,,,1,MTurk
2022-04-04 11:52:41,2022-04-04 11:55:56,0,,100,194,1,2022-04-04 11:55:56,R_3PuiX0qQvmoocqA,,,,,,,anonymous,EN,1,A1E0K2VGY2684V,52,1,,,,,,,,,,,,,,,,,5,2,7,5,67,7,2,5,7,6,7,79,6,7,5,6,90,5,6,4,7,77,,,,,,,,,,,,,,,,,,,,,,,,,,2,MTurk
2022-04-04 11:53:56,2022-04-04 11:56:01,0,,100,125,1,2022-04-04 11:56:02,R_21z9lTQx0JuQ36Q,,,,,,,anonymous,EN,1,A235DXY5FJN0IW,28,2,,7,7,7,7,100,7,7,7,7,100,7,7,7,7,100,7,7,7,7,100,7,2,,,,,,,,,,,,,,,,,,,,,,,,,,,,,,,,,,,,,,,,,2,MTurk
2022-04-04 11:51:40,2022-04-04 11:56:07,0,,100,266,1,2022-04-04 11:56:07,R_3qBFNcyPe2iDFFT,,,,,,,anonymous,EN,1,A8GMDQX12M56,34,2,,5,6,6,7,72,5,7,6,7,63,5,6,7,6,73,5,6,7,7,68,1,1,,,,,,,,,,,,,,,,,,,,,,,,,,,,,,,,,,,,,,,,,1,MTurk
2022-04-04 11:47:32,2022-04-04 11:56:17,0,,100,524,1,2022-04-04 11:56:17,R_1Qat1qreFzCBOpE,,,,,,,anonymous,EN,1,A12RF9L2BN8B5W,39,1,,,,,,,,,,,,,,,,,6,6,6,6,96,7,2,,,,,,,,,,,,,,,,,,,,,7,7,7,7,91,7,7,7,7,99,6,6,6,6,91,,,,,,2,MTurk
2022-04-04 11:53:37,2022-04-04 11:56:19,0,,100,161,1,2022-04-04 11:56:19,R_1Q5XmpEeQwNQJG8,,,,,,,anonymous,EN,1,ASEM4DJYX7PA0,39,2,,5,7,5,7,67,,,,,,5,7,5,6,59,,,,,,7,5,,,,,,4,6,6,7,68,,,,,,3,6,4,6,73,,,,,,,,,,,,,,,,,,,,,2,MTurk
2022-04-04 11:54:41,2022-04-04 11:56:19,0,,100,98,1,2022-04-04 11:56:20,R_3RkHqLkxKmRRUas,,,,,,,anonymous,EN,1,A259OBKPBBIOAJ,24,1,,,,,,,,,,,,,,,,,,,,,,,2,,,,,,5,2,1,7,29,,,,,,,,,,,6,4,4,5,73,,,,,,3,4,7,2,69,1,3,6,2,64,2,MTurk
2022-04-04 11:54:33,2022-04-04 11:56:33,0,,100,119,1,2022-04-04 11:56:33,R_2TGjDbHcx1GGRhf,,,,,,,anonymous,EN,1,A25NVJ124EJX9Q,46,2,,,,,,,,,,,,7,6,6,7,85,,,,,,7,5,,,,,,,,,,,,,,,,6,7,5,7,86,7,6,7,6,73,6,7,5,6,80,,,,,,,,,,,1,MTurk
2022-04-04 11:52:30,2022-04-04 11:56:43,0,,100,253,1,2022-04-04 11:56:44,R_1OCZuNEVRu4lolF,,,,,,,anonymous,EN,1,A3LX2LELUQAWBQ,40,1,,,,,,,,,,,,,,,,,,,,,,1,3,,,,,,4,6,5,7,56,,,,,,,,,,,,,,,,,,,,,5,5,6,7,64,5,7,6,7,67,1,MTurk
2022-04-04 11:49:44,2022-04-04 11:56:54,0,,100,430,1,2022-04-04 11:56:54,R_2al4cis3De6GIIK,,,,,,,anonymous,EN,1,A11SO2SJEL5GOM,41,2,,,,,,,,,,,,,,,,,4,6,4,6,80,7,2,5,6,5,6,78,6,3,5,6,92,6,5,6,3,76,,,,,,,,,,,,,,,,,,,,,,,,,,2,MTurk
2022-04-04 11:55:50,2022-04-04 11:57:08,0,,100,78,1,2022-04-04 11:57:09,R_sb514wJ8C8JbgGd,,,,,,,anonymous,EN,1,A1N8Q3IFZ67GOY,29,1,,,,,,,,,,,,,,,,,,,,,,7,1,,,,,,4,7,5,4,81,,,,,,,,,,,3,5,5,4,73,,,,,,4,6,5,5,87,,,,,,2,MTurk
2022-04-04 11:55:56,2022-04-04 11:57:25,0,,100,88,1,2022-04-04 11:57:25,R_enRfk93uy4oWdPP,,,,,,,anonymous,EN,1,A1ODA3Q5H6HTDQ,31,2,,,,,,,,,,,,,,,,,7,7,6,7,98,7,5,7,7,7,7,97,6,6,6,7,99,6,6,7,6,93,,,,,,,,,,,,,,,,,,,,,,,,,,2,MTurk
2022-04-04 11:51:33,2022-04-04 11:57:27,0,,100,353,1,2022-04-04 11:57:27,R_3ReZX6q3KE6Nngr,,,,,,,anonymous,EN,1,A3A38LMBZ1O6LT,29,1,,7,6,6,6,89,6,6,5,6,85,6,6,5,6,92,7,7,6,5,88,7,2,,,,,,,,,,,,,,,,,,,,,,,,,,,,,,,,,,,,,,,,,3,MTurk
2022-04-04 11:55:05,2022-04-04 11:57:57,0,,100,171,1,2022-04-04 11:57:57,R_10TNH8falG7u8Mo,,,,,,,anonymous,EN,1,AZRCUK208KJ04,36,1,,7,6,6,6,67,7,6,6,7,71,7,6,5,6,77,7,6,6,6,76,7,2,,,,,,,,,,,,,,,,,,,,,,,,,,,,,,,,,,,,,,,,,2,MTurk
2022-04-04 11:56:30,2022-04-04 11:58:10,0,,100,100,1,2022-04-04 11:58:10,R_2TtyiE1xUVqxMXJ,,,,,,,anonymous,EN,1,ATCWHB9IXIYP8,57,1,,5,4,6,5,58,,,,,,4,5,6,3,63,,,,,,7,2,,,,,,5,4,6,5,75,,,,,,6,4,5,5,64,,,,,,,,,,,,,,,,,,,,,2,MTurk
2022-04-04 11:56:20,2022-04-04 11:58:22,0,,100,121,1,2022-04-04 11:58:22,R_1M8p5VRcq875Xfr,,,,,,,anonymous,EN,1,A1YX69GFGX5REP,34,1,,,,,,,,,,,,7,6,7,6,88,,,,,,7,5,,,,,,,,,,,,,,,,6,5,7,7,87,7,5,6,7,87,7,5,6,7,94,,,,,,,,,,,2,MTurk
2022-04-04 11:55:13,2022-04-04 11:58:32,0,,100,199,1,2022-04-04 11:58:33,R_3MzCRMLdQYztsVs,,,,,,,anonymous,EN,1,A62D3X20ZMPIR,44,2,,,,,,,,,,,,,,,,,6,2,5,4,65,7,2,,,,,,,,,,,,,,,,,,,,,6,3,5,5,72,6,2,4,7,76,3,5,4,7,70,,,,,,1,MTurk
2022-04-04 11:57:18,2022-04-04 11:58:43,0,,100,85,1,2022-04-04 11:58:44,R_24Mk4WJSj1JLzgd,,,,,,,anonymous,EN,1,A2SM884JNBY6E7,30,1,,4,3,3,2,89,,,,,,6,2,3,3,85,,,,,,7,3,,,,,,6,3,3,2,88,,,,,,6,3,2,3,86,,,,,,,,,,,,,,,,,,,,,1,MTurk
2022-04-04 11:57:04,2022-04-04 11:59:44,0,,100,159,1,2022-04-04 11:59:44,R_2Ev37o24fa8VJEf,,,,,,,anonymous,EN,1,AO23FOV0FZ8NO,32,2,,5,3,6,5,68,5,4,6,5,59,4,6,7,5,73,4,6,5,6,64,7,2,,,,,,,,,,,,,,,,,,,,,,,,,,,,,,,,,,,,,,,,,2,MTurk
2022-04-04 11:58:49,2022-04-04 12:00:05,0,,100,75,1,2022-04-04 12:00:05,R_31t5AFTo6DI6J74,,,,,,,anonymous,EN,1,A1FJMOE7DHDP8E,29,2,,,,,,,,,,,,,,,,,,,,,,7,2,,,,,,6,5,7,7,84,,,,,,,,,,,7,5,6,7,82,,,,,,,,,,,7,5,6,6,87,2,MTurk
2022-04-04 11:49:30,2022-04-04 12:00:14,0,,100,643,1,2022-04-04 12:00:15,R_1CgAbsVjzsMvi0v,,,,,,,anonymous,EN,1,AYZQACSQ7HRWB,25,1,,,,,,,,,,,,,,,,,5,3,2,5,66,7,5,4,7,1,5,65,7,2,2,5,63,5,6,2,5,63,,,,,,,,,,,,,,,,,,,,,,,,,,1,MTurk
2022-04-04 11:58:26,2022-04-04 12:00:35,0,,100,129,1,2022-04-04 12:00:36,R_3psuOJughJfzt60,,,,,,,anonymous,EN,1,: COPIEDA1OUG9J6SNMDSQ,30,1,,,,,,,,,,,,,,,,,7,7,7,7,100,1,3,,,,,,,,,,,,,,,,,,,,,7,7,7,7,100,7,7,7,7,98,7,7,7,7,100,,,,,,1,MTurk
2022-04-04 11:58:59,2022-04-04 12:00:44,0,,100,104,1,2022-04-04 12:00:44,R_2cc65N450yFwVEK,,,,,,,anonymous,EN,1,A2MDZ4FNH0N0C6,36,1,,,,,,,,,,,,,,,,,,,,,,7,2,,,,,,,,,,,,,,,,,,,,,6,6,6,6,85,,,,,,7,6,6,6,71,5,6,6,6,73,2,MTurk
2022-04-04 11:39:36,2022-04-04 12:00:50,0,,100,1273,1,2022-04-04 12:00:50,R_2ds5RV5KZIJt6hD,,,,,,,anonymous,EN,1,A1QVNF19XSRSD7,38,1,,,,,,,,,,,,,,,,,,,,,,7,2,,,,,,,,,,,,,,,,,,,,,5,1,3,2,59,,,,,,6,7,3,5,33,1,3,2,7,40,2,MTurk
2022-04-04 11:59:30,2022-04-04 12:00:51,0,,100,81,1,2022-04-04 12:00:51,R_3J9siQhmixStjIg,,,,,,,anonymous,EN,1,A1EGX1X6V1CSQH,30,1,,,,,,,,,,,,5,3,2,3,93,,,,,,7,3,,,,,,,,,,,,,,,,6,2,3,3,88,4,2,3,2,85,4,3,2,3,80,,,,,,,,,,,1,MTurk
2022-04-04 12:00:01,2022-04-04 12:01:38,0,,100,96,1,2022-04-04 12:01:38,R_2wM6N7ENbyT3ZSG,,,,,,,anonymous,EN,1,A1MF5X99676P61,29,1,,1,3,5,4,88,,,,,,3,6,2,5,74,,,,,,7,1,,,,,,4,3,4,4,78,,,,,,3,4,4,3,78,,,,,,,,,,,,,,,,,,,,,2,MTurk
2022-04-04 12:00:13,2022-04-04 12:02:14,0,,100,121,1,2022-04-04 12:02:14,R_6nTLDIPGnBUhxIJ,,,,,,,anonymous,EN,1,A1BPU6PHYCXFRT,32,2,,,,,,,,,,,,,,,,,,,,,,7,,,,,,,6,5,6,6,79,,,,,,,,,,,6,6,5,6,75,,,,,,6,7,7,6,82,5,6,5,6,76,2,MTurk
2022-04-04 12:00:44,2022-04-04 12:02:19,0,,100,95,1,2022-04-04 12:02:20,R_2ZTtsS371GKm4yX,,,,,,,anonymous,EN,1,AF8A4VQF4567W,38,2,,,,,,,,,,,,,,,,,7,5,6,7,86,7,2,,,,,,,,,,,,,,,,,,,,,6,6,7,6,90,6,7,5,6,86,6,7,5,7,88,,,,,,2,MTurk
2022-04-04 12:01:13,2022-04-04 12:02:28,0,,100,75,1,2022-04-04 12:02:28,R_4OzJrJsHbxUzCq5,,,,,,,anonymous,EN,1,A10WC8DQS5UV2S,30,1,,,,,,,,,,,,,,,,,6,2,3,2,84,7,3,4,3,2,3,84,5,2,3,2,87,4,3,2,2,89,,,,,,,,,,,,,,,,,,,,,,,,,,1,MTurk
2022-04-04 11:58:57,2022-04-04 12:02:30,0,,100,212,1,2022-04-04 12:02:30,R_2VqMpoK4be4pGUb,,,,,,,anonymous,EN,1,A2Z2WC3DJQ38RH,45,2,,,,,,,,,,,,,,,,,5,4,6,4,66,7,2,,,,,,,,,,,,,,,,,,,,,5,6,6,4,60,5,4,6,5,62,5,6,4,5,67,,,,,,2,MTurk
2022-04-04 11:59:04,2022-04-04 12:03:44,0,,100,280,1,2022-04-04 12:03:46,R_3fw8YVqONl48UIn,,,,,,,anonymous,EN,1,AE2Y8NYC9902Z,63,2,,5,7,6,6,81,,,,,,5,6,4,5,85,,,,,,7,2,,,,,,6,7,6,6,72,,,,,,6,7,6,6,83,,,,,,,,,,,,,,,,,,,,,2,MTurk
2022-04-04 11:54:39,2022-04-04 12:04:20,0,,100,581,1,2022-04-04 12:04:22,R_2Y9ruj7EgYDW19U,,,,,,,anonymous,EN,1,ASQA0PP99QEKM,44,1,,5,4,5,3,77,4,3,2,3,74,1,2,4,5,79,5,4,5,3,81,7,2,,,,,,,,,,,,,,,,,,,,,,,,,,,,,,,,,,,,,,,,,2,MTurk
2022-04-04 12:02:24,2022-04-04 12:04:31,0,,100,127,1,2022-04-04 12:04:31,R_1MRkgRNqsf4WgGi,,,,,,,anonymous,EN,1, COPIEDA1AX9J8SDYU4YK,30,1,,,,,,,,,,,,7,7,7,7,100,,,,,,1,3,,,,,,,,,,,,,,,,7,7,7,7,100,7,7,7,7,100,7,7,7,7,100,,,,,,,,,,,1,MTurk
2022-04-04 12:03:07,2022-04-04 12:04:32,0,,100,85,1,2022-04-04 12:04:32,R_3PYKq06fYW4LNLX,,,,,,,anonymous,EN,1,A1LMGXT074SSID,63,2,,,,,,,,,,,,,,,,,,,,,,,3,,,,,,6,5,4,5,67,,,,,,,,,,,4,5,4,5,66,,,,,,6,4,3,5,68,6,4,6,5,69,2,MTurk
2022-04-04 11:59:55,2022-04-04 12:04:35,0,,100,279,1,2022-04-04 12:04:35,R_1QxtPPduOBmW4yg,,,,,,,anonymous,EN,1,AXFP50XOZD2NI,36,1,,,,,,,,,,,,,,,,,,,,,,7,,,,,,,6,6,7,6,82,,,,,,,,,,,6,6,5,6,76,,,,,,5,7,6,6,78,6,5,7,6,75,2,MTurk
2022-04-04 12:03:12,2022-04-04 12:04:41,0,,100,89,1,2022-04-04 12:04:42,R_RepQlAPDg6uILa9,,,,,,,anonymous,EN,1,ALE96KCWXQSOG,30,1,,,,,,,,,,,,,,,,,6,3,2,3,85,7,3,,,,,,,,,,,,,,,,,,,,,4,3,2,4,53,5,3,2,3,84,4,3,3,2,82,,,,,,1,MTurk
2022-04-04 12:00:15,2022-04-04 12:04:44,0,,100,268,1,2022-04-04 12:04:44,R_5hBdSkwGS81mvkZ,,,,,,,anonymous,EN,1,A21X8FCXQA19ZI,46,1,,7,6,5,6,64,7,6,5,6,76,7,6,5,6,62,7,6,5,6,89,7,5,,,,,,,,,,,,,,,,,,,,,,,,,,,,,,,,,,,,,,,,,2,MTurk
2022-04-04 12:03:08,2022-04-04 12:05:09,0,,100,120,1,2022-04-04 12:05:09,R_25sW4AZ6mOFYBTv,,,,,,,anonymous,EN,1,A32OTBQ9Y8ZJUP,34,1,,3,5,3,4,53,,,,,,3,6,3,5,54,,,,,,7,2,,,,,,4,6,4,6,59,,,,,,6,4,6,4,56,,,,,,,,,,,,,,,,,,,,,2,MTurk
2022-04-04 11:57:20,2022-04-04 12:06:02,0,,100,521,1,2022-04-04 12:06:02,R_2f872RTJ8rigLCQ,,,,,,,anonymous,EN,1,A293ER1IX9YLIA,37,2,,,,,,,,,,,,,,,,,5,6,6,5,89,1,2,4,5,6,6,74,5,5,6,7,85,5,6,5,6,82,,,,,,,,,,,,,,,,,,,,,,,,,,1,MTurk
2022-04-04 11:59:36,2022-04-04 12:06:54,0,,100,438,1,2022-04-04 12:06:54,R_1gU9w7r9988IOtC,,,,,,,anonymous,EN,1,A37CV45RPN41FL,36,2,,,,,,,,,,,,5,4,6,5,39,,,,,,7,5,,,,,,,,,,,,,,,,5,4,5,3,29,5,3,6,6,70,4,3,5,4,71,,,,,,,,,,,2,MTurk
2022-04-04 12:05:34,2022-04-04 12:07:04,0,,100,90,1,2022-04-04 12:07:05,R_1guxcIURk1V4Fk4,,,,,,,anonymous,EN,1,A7KJ7FX12D2WR,30,1,,6,2,3,2,79,6,3,2,3,83,4,3,4,3,88,3,5,1,6,75,7,3,,,,,,,,,,,,,,,,,,,,,,,,,,,,,,,,,,,,,,,,,1,MTurk
2022-04-04 12:05:58,2022-04-04 12:07:07,0,,100,68,1,2022-04-04 12:07:07,R_2VQkhTBC7wHne7x,,,,,,,anonymous,EN,1,A2CT4OM1M3U0F9,32,1,,6,7,7,6,70,,,,,,7,6,7,7,70,,,,,,1,1,,,,,,6,7,5,7,61,,,,,,6,7,7,6,68,,,,,,,,,,,,,,,,,,,,,1,MTurk
2022-04-04 12:06:11,2022-04-04 12:07:47,0,,100,95,1,2022-04-04 12:07:47,R_1hW3I37FG36oukY,,,,,,,anonymous,EN,1,ANWRXKAOV327E,40,2,,6,7,5,7,71,5,6,7,4,65,5,6,7,5,77,6,7,5,6,73,7,2,,,,,,,,,,,,,,,,,,,,,,,,,,,,,,,,,,,,,,,,,2,MTurk
2022-04-04 12:07:46,2022-04-04 12:09:04,0,,100,77,1,2022-04-04 12:09:04,R_3JdXuQ7VZWC5dzj,,,,,,,anonymous,EN,1,AV22FQTJNBUZT,41,2,,,,,,,,,,,,7,7,7,7,99,,,,,,7,2,,,,,,,,,,,,,,,,7,7,7,7,96,6,7,7,7,86,7,7,7,7,90,,,,,,,,,,,2,MTurk
2022-04-04 12:07:30,2022-04-04 12:09:05,0,,100,94,1,2022-04-04 12:09:05,R_1254Yzia4hTI6Pf,,,,,,,anonymous,EN,1,A3K9GTQBOI7O5A,30,2,,,,,,,,,,,,,,,,,,,,,,7,2,,,,,,7,7,7,7,92,,,,,,,,,,,,,,,,,,,,,7,7,7,7,88,7,7,7,7,92,2,MTurk
2022-04-04 12:07:43,2022-04-04 12:09:07,0,,100,84,1,2022-04-04 12:09:07,R_XBYyjJv9XOW5JOF,,,,,,,anonymous,EN,1,A3Q9X8CBPHFRTZ,30,1,,,,,,,,,,,,,,,,,5,3,2,2,89,7,3,5,3,3,3,81,7,2,3,2,84,5,3,3,3,80,,,,,,,,,,,,,,,,,,,,,,,,,,1,MTurk
2022-04-04 11:59:22,2022-04-04 12:09:11,0,,100,589,1,2022-04-04 12:09:12,R_3dRnfDGMRhg9YVl,,,,,,,anonymous,EN,1,A1ZD1JBHH7KEMA,41,2,,,,,,,,,,,,4,6,3,5,64,,,,,,7,2,,,,,,,,,,,,,,,,6,4,5,6,62,4,5,3,6,33,3,6,4,5,69,,,,,,,,,,,2,MTurk
2022-04-04 12:07:13,2022-04-04 12:09:19,0,,100,126,1,2022-04-04 12:09:19,R_DTAvHzLNFK4ozCN,,,,,,,anonymous,EN,1, COPIEDA1583YWQMY2KLF,30,1,,7,7,7,7,100,,,,,,7,7,7,7,100,,,,,,1,3,,,,,,7,7,7,7,100,,,,,,7,7,7,7,100,,,,,,,,,,,,,,,,,,,,,1,MTurk
2022-04-04 12:06:28,2022-04-04 12:10:27,0,,100,238,1,2022-04-04 12:10:27,R_s5ml4TbTdL12YDL,,,,,,,anonymous,EN,1,A2JTFTLQ3MXD7N,58,1,,,,,,,,,,,,,,,,,5,6,3,4,64,2,5,,,,,,,,,,,,,,,,,,,,,6,5,4,6,74,5,5,6,6,74,5,5,6,6,72,,,,,,1,MTurk
2022-04-04 12:04:02,2022-04-04 12:10:27,0,,100,385,1,2022-04-04 12:10:28,R_25AVQaDijt2X7Gs,,,,,,,anonymous,EN,1,A2NAKIXS3DVGAA,28,1,,,,,,,,,,,,,,,,,5,5,5,5,67,7,2,5,5,5,5,68,5,5,5,5,68,5,5,5,5,68,,,,,,,,,,,,,,,,,,,,,,,,,,3,MTurk
2022-04-04 12:08:31,2022-04-04 12:11:37,0,,100,185,1,2022-04-04 12:11:37,R_TaNHWqiZ4LN9DCV,,,,,,,anonymous,EN,1,A2MRN0O3L0ZF1H,58,1,,6,5,4,5,86,,,,,,6,5,6,6,94,,,,,,7,1,,,,,,6,5,6,6,87,,,,,,6,7,5,6,92,,,,,,,,,,,,,,,,,,,,,1,MTurk
2022-04-04 12:09:21,2022-04-04 12:12:34,0,,100,192,1,2022-04-04 12:12:34,R_2rjQqhP8vIHZSNL,,,,,,,anonymous,EN,1,A20GD3EBBTBYY2,26,1,,6,5,7,6,75,6,4,6,5,77,6,5,5,6,77,6,5,6,7,85,7,2,,,,,,,,,,,,,,,,,,,,,,,,,,,,,,,,,,,,,,,,,2,MTurk
2022-04-04 11:59:09,2022-04-04 12:12:46,0,,100,816,1,2022-04-04 12:12:46,R_2e201omkYUNjma3,,,,,,,anonymous,EN,1,A3C4XO1QLOEJ23,41,1,,,,,,,,,,,,,,,,,5,3,6,5,60,7,5,,,,,,,,,,,,,,,,,,,,,5,4,6,3,71,3,6,5,4,37,3,6,5,4,71,,,,,,2,MTurk
2022-04-04 12:11:02,2022-04-04 12:12:45,0,,100,102,1,2022-04-04 12:12:46,R_AFpoq20hep7yL1T,,,,,,,anonymous,EN,1,A4A0AR15FUB4A,32,1,,5,1,2,3,88,4,5,2,1,56,7,1,7,7,60,6,3,7,5,59,2,1,,,,,,,,,,,,,,,,,,,,,,,,,,,,,,,,,,,,,,,,,1,MTurk
2022-04-04 12:11:22,2022-04-04 12:13:18,0,,100,115,1,2022-04-04 12:13:18,R_22tyWVZ48g6sEqK,,,,,,,anonymous,EN,1,A3GG1WNYZYIZWM,30,1,,5,2,2,3,87,,,,,,4,3,3,3,84,,,,,,7,3,,,,,,3,3,3,2,85,,,,,,5,2,3,2,84,,,,,,,,,,,,,,,,,,,,,1,MTurk
2022-04-04 12:10:10,2022-04-04 12:14:08,0,,100,237,1,2022-04-04 12:14:08,R_1rkTMS9cVnhhEOf,,,,,,,anonymous,EN,1,A3K9ZRVMDB2JE6,30,1,,,,,,,,,,,,,,,,,,,,,,1,1,,,,,,7,7,7,7,100,,,,,,,,,,,7,7,7,7,100,,,,,,,,,,,7,7,7,7,100,1,MTurk
2022-04-04 12:12:55,2022-04-04 12:14:12,0,,100,77,1,2022-04-04 12:14:13,R_296WdShDgetxhTx,,,,,,,anonymous,EN,1,AT6ICEVY8RM8D,24,1,,2,1,2,7,50,7,6,6,3,50,2,5,2,1,64,3,5,4,6,50,7,2,,,,,,,,,,,,,,,,,,,,,,,,,,,,,,,,,,,,,,,,,2,MTurk
2022-04-04 12:13:39,2022-04-04 12:14:55,0,,100,75,1,2022-04-04 12:14:55,R_2P7G6nZVoOfEyrR,,,,,,,anonymous,EN,1,A1PUQY8XWA3CEF,30,1,,4,3,2,2,80,,,,,,4,3,2,3,84,,,,,,7,3,,,,,,4,3,2,3,85,,,,,,4,3,3,3,86,,,,,,,,,,,,,,,,,,,,,1,MTurk
2022-04-04 12:13:26,2022-04-04 12:14:58,0,,100,92,1,2022-04-04 12:14:59,R_1o4EDDZyIMji8xL,,,,,,,anonymous,EN,1,A102WSFN62OS6I,25,1,,,,,,,,,,,,,,,,,6,5,6,5,88,7,5,,,,,,,,,,,,,,,,,,,,,6,5,6,5,69,6,5,6,5,100,6,5,5,6,91,,,,,,2,MTurk
2022-04-04 12:09:17,2022-04-04 12:15:13,0,,100,356,1,2022-04-04 12:15:13,R_1eWR7bhBz43JuLv,,,,,,,anonymous,EN,1,A2MX5YW3DSQ61W,44,2,,,,,,,,,,,,,,,,,7,7,7,7,95,7,2,7,7,7,7,100,7,7,7,7,100,6,7,6,6,91,,,,,,,,,,,,,,,,,,,,,,,,,,2,MTurk
2022-04-04 12:12:47,2022-04-04 12:15:15,0,,100,147,1,2022-04-04 12:15:15,R_3snaPO4HXrH60rr,,,,,,,anonymous,EN,1,A3VG22WR5I4UG2,30,1,,,,,,,,,,,,,,,,,,,,,,7,2,,,,,,6,6,6,6,91,,,,,,,,,,,6,6,6,6,85,,,,,,,,,,,6,6,6,6,81,2,MTurk
2022-04-04 12:14:59,2022-04-04 12:16:20,0,,100,80,1,2022-04-04 12:16:20,R_6GapSrLiXo9GbCh,,,,,,,anonymous,EN,1,AZHWUS62VWQVH,30,1,,,,,,,,,,,,6,7,6,7,77,,,,,,7,3,,,,,,,,,,,,,,,,5,7,5,5,81,5,7,6,5,100,6,6,6,5,91,,,,,,,,,,,1,MTurk
2022-04-04 12:15:18,2022-04-04 12:16:29,0,,100,70,1,2022-04-04 12:16:30,R_3RfpDGVsFNYs6N7,,,,,,,anonymous,EN,1,A13JJHDWBG4ZCM,30,1,,,,,,,,,,,,,,,,,,,,,,7,3,,,,,,5,2,3,2,85,,,,,,,,,,,4,2,2,3,88,,,,,,5,3,3,2,81,,,,,,1,MTurk
2022-04-04 12:15:31,2022-04-04 12:16:37,0,,100,65,1,2022-04-04 12:16:37,R_U9AqBKLFMUCRxzX,,,,,,,anonymous,EN,1,A25YHJE4ME90MI,22,1,,1,3,1,6,50,2,1,7,4,50,4,5,6,7,50,5,5,6,7,50,7,2,,,,,,,,,,,,,,,,,,,,,,,,,,,,,,,,,,,,,,,,,2,MTurk
2022-04-04 12:16:43,2022-04-04 12:17:47,0,,100,63,1,2022-04-04 12:17:47,R_1qXwKh3s32crldQ,,,,,,,anonymous,EN,1,A2IYZMU01SU9E7,30,1,,,,,,,,,,,,6,6,6,6,84,,,,,,7,3,,,,,,,,,,,,,,,,6,7,6,7,48,5,7,5,6,93,6,6,6,6,60,,,,,,,,,,,2,MTurk
2022-04-04 12:16:10,2022-04-04 12:18:00,0,,100,110,1,2022-04-04 12:18:00,R_3dZmwp4Ptae4Z6r,,,,,,,anonymous,EN,1,A2NQTC7RDFE5K4,35,1,,5,7,7,7,49,,,,,,6,6,6,6,72,,,,,,1,3,,,,,,7,6,7,7,49,,,,,,7,7,6,6,84,,,,,,,,,,,,,,,,,,,,,1,MTurk
2022-04-04 12:16:13,2022-04-04 12:18:11,0,,100,118,1,2022-04-04 12:18:12,R_2wodKwPkTy4Hl3Z,,,,,,,anonymous,EN,1,A35DXVH9TPYZUE,45,2,,,,,,,,,,,,,,,,,,,,,,1,3,,,,,,4,5,7,5,71,,,,,,,,,,,6,6,4,7,92,,,,,,6,4,6,5,70,5,6,4,5,73,1,MTurk
2022-04-04 12:15:55,2022-04-04 12:18:21,0,,100,145,1,2022-04-04 12:18:21,R_2rOUJvBQwn8jdDd,,,,,,,anonymous,EN,1,A1V2J6VMYSLBUH,32,1,,,,,,,,,,,,,,,,,6,6,6,6,52,7,5,6,5,6,6,69,6,6,5,6,72,6,5,6,5,65,,,,,,,,,,,,,,,,,,,,,,,,,,1,MTurk
2022-04-04 12:09:55,2022-04-04 12:18:21,0,,100,506,1,2022-04-04 12:18:22,R_2sRowUKAA8FqgkJ,,,,,,,anonymous,EN,1,A19LHRTVL0QZEI,26,1,,,,,,,,,,,,6,7,7,6,78,,,,,,1,5,,,,,,,,,,,,,,,,5,7,6,7,70,5,7,6,6,80,6,7,7,6,80,,,,,,,,,,,2,MTurk
2022-04-04 12:05:27,2022-04-04 12:19:13,0,,100,825,1,2022-04-04 12:19:13,R_1jPA3ZxJ6lKAU0L,,,,,,,anonymous,EN,1,A6FEXX7UESY7O,33,2,,,,,,,,,,,,,,,,,,,,,,7,3,,,,,,,,,,,,,,,,,,,,,6,6,7,6,97,,,,,,6,7,7,6,100,7,6,6,6,98,1,MTurk
2022-04-04 12:17:03,2022-04-04 12:19:31,0,,100,147,1,2022-04-04 12:19:32,R_3PLAdiv84N0mMpg,,,,,,,anonymous,EN,1,AVVXRNPYTB3NQ,32,1,,,,,,,,,,,,,,,,,6,7,5,5,48,1,1,,,,,,,,,,,,,,,,,,,,,6,7,6,6,67,6,7,6,7,65,6,7,7,6,91,,,,,,1,MTurk
2022-04-04 12:18:05,2022-04-04 12:19:37,0,,100,91,1,2022-04-04 12:19:37,R_AbyOe1v3paY0srT,,,,,,,anonymous,EN,1,AOCKSSY5E5V12,31,1,,5,7,6,7,100,6,7,5,6,70,5,7,5,7,71,5,6,5,6,82,7,2,,,,,,,,,,,,,,,,,,,,,,,,,,,,,,,,,,,,,,,,,2,MTurk
2022-04-04 11:59:24,2022-04-04 12:20:25,0,,100,1260,1,2022-04-04 12:20:27,R_0x3BwRprdm5Mtd7,,,,,,,anonymous,EN,1,AYHK8DTZONHKC,45,1,,,,,,,,,,,,,,,,,7,7,4,7,100,7,2,7,7,7,7,100,7,7,7,7,100,7,7,7,4,81,,,,,,,,,,,,,,,,,,,,,,,,,,2,MTurk
2022-04-04 12:19:01,2022-04-04 12:20:46,0,,100,105,1,2022-04-04 12:20:46,R_1NaLjIHtVB6fw2q,,,,,,,anonymous,EN,1,ALZVG5501Y5IX,24,1,,,,,,,,,,,,,,,,,7,6,6,7,100,7,5,5,6,6,6,79,5,6,5,6,81,5,5,6,6,76,,,,,,,,,,,,,,,,,,,,,,,,,,2,MTurk
2022-04-04 12:19:45,2022-04-04 12:20:55,0,,100,70,1,2022-04-04 12:20:56,R_1jdIv4qJOODLvLJ,,,,,,,anonymous,EN,1,A1BAIZCYBP3S0Z,25,1,,,,,,,,,,,,,,,,,7,5,7,6,79,7,2,6,6,6,6,88,6,1,3,7,84,6,1,6,1,79,,,,,,,,,,,,,,,,,,,,,,,,,,2,MTurk
2022-04-04 12:08:07,2022-04-04 12:21:34,0,,100,807,1,2022-04-04 12:21:34,R_1if9YMMGFM31KtW,,,,,,,anonymous,EN,1,A1QHFXVQA42EP1,48,2,,,,,,,,,,,,6,6,7,6,99,,,,,,7,3,,,,,,,,,,,,,,,,6,6,7,6,100,6,6,7,6,99,7,7,6,6,100,,,,,,,,,,,1,MTurk
2022-04-04 12:18:22,2022-04-04 12:22:46,0,,100,263,1,2022-04-04 12:22:46,R_RklRwCnmAqnxj45,,,,,,,anonymous,EN,1,A3H7HCAE3UUYSK,35,1,,,,,,,,,,,,,,,,,,,,,,7,3,,,,,,5,6,6,6,66,,,,,,,,,,,5,6,6,5,67,,,,,,5,6,5,5,64,,,,,,1,MTurk
2022-04-04 12:14:50,2022-04-04 12:22:55,0,,100,485,1,2022-04-04 12:22:56,R_CgExnZ1Q8gspFIJ,,,,,,,anonymous,EN,1,A3CGGWQK7004GY,35,2,,,,,,,,,,,,,,,,,7,4,5,4,59,2,2,,,,,,,,,,,,,,,,,,,,,6,5,6,4,74,4,5,4,5,82,6,4,6,4,63,,,,,,1,MTurk
2022-04-04 12:19:50,2022-04-04 12:24:10,0,,100,260,1,2022-04-04 12:24:11,R_31ynDpCMHR7rC4o,,,,,,,anonymous,EN,1,A2PQCBUCNIAUFS,25,2,,,,,,,,,,,,,,,,,5,4,5,6,89,1,2,,,,,,,,,,,,,,,,,,,,,4,5,6,5,91,4,5,6,5,88,4,5,6,5,82,,,,,,1,MTurk
2022-04-04 12:20:00,2022-04-04 12:24:14,0,,100,254,1,2022-04-04 12:24:15,R_yPheV3uP89SOg01,,,,,,,anonymous,EN,1,A3DQOU407Q0JM0,21,2,,,,,,,,,,,,3,4,5,4,71,,,,,,2,2,,,,,,,,,,,,,,,,3,5,4,5,74,4,5,6,5,62,4,6,5,4,61,,,,,,,,,,,1,MTurk
2022-04-04 12:20:56,2022-04-04 12:24:22,0,,100,206,1,2022-04-04 12:24:23,R_2ykgOQkJGpv2eel,,,,,,,anonymous,EN,1,A11BHGAKU0RIH8,38,1,,4,6,5,5,67,,,,,,4,6,5,6,71,,,,,,7,2,,,,,,4,5,6,6,81,,,,,,4,6,6,6,91,,,,,,,,,,,,,,,,,,,,,3,MTurk
2022-04-04 12:23:21,2022-04-04 12:25:46,0,,100,145,1,2022-04-04 12:25:46,R_27ljC6aQZV1xetQ,,,,,,,anonymous,EN,1,A2R6GSIVQ5KB62,34,1,,,,,,,,,,,,,,,,,7,7,7,7,74,7,4,,,,,,,,,,,,,,,,,,,,,7,7,7,7,71,7,7,7,7,69,7,7,7,7,94,,,,,,2,MTurk
2022-04-04 12:19:44,2022-04-04 12:25:56,0,,100,371,1,2022-04-04 12:25:56,R_UshIXFTPI2mjjWh,,,,,,,anonymous,EN,1,AQW8MHQYKBF0R,35,1,,,,,,,,,,,,,,,,,,,,,,7,2,,,,,,5,5,6,6,100,,,,,,,,,,,6,6,6,6,100,,,,,,,,,,,6,6,6,6,100,1,MTurk
2022-04-04 12:24:36,2022-04-04 12:26:41,0,,100,125,1,2022-04-04 12:26:42,R_2Xaj9t8Ettceg2n,,,,,,,anonymous,EN,1,A20KIJRVCQSC5L,53,1,,4,6,4,6,73,,,,,,5,5,6,4,71,,,,,,7,5,,,,,,4,6,5,6,81,,,,,,4,6,5,6,87,,,,,,,,,,,,,,,,,,,,,1,MTurk
2022-04-04 12:24:36,2022-04-04 12:27:20,0,,100,163,1,2022-04-04 12:27:20,R_2pRDrsA4IyvyvJZ,,,,,,,anonymous,EN,1,A1E2ENC3ERDKKT,35,1,,,,,,,,,,,,,,,,,6,5,6,6,80,1,1,,,,,,,,,,,,,,,,,,,,,7,5,4,6,88,7,6,4,7,93,7,6,5,5,83,,,,,,1,MTurk
2022-04-04 12:23:35,2022-04-04 12:28:17,0,,100,282,1,2022-04-04 12:28:19,R_RkOvfI4fOTBiwkV,,,,,,,anonymous,EN,1,A2T675UCHNTSSW,51,2,,,,,,,,,,,,,,,,,6,6,7,7,80,7,2,6,6,5,7,80,6,6,5,7,80,5,6,6,6,90,,,,,,,,,,,,,,,,,,,,,,,,,,2,MTurk
2022-04-04 12:20:36,2022-04-04 12:28:44,0,,100,488,1,2022-04-04 12:28:45,R_3kCmdjsn9ZA7TXi,,,,,,,anonymous,EN,1,A3L743UV9GEV6V,26,2,,,,,,,,,,,,,,,,,6,6,5,6,81,7,2,7,7,7,7,82,4,5,6,5,83,7,6,5,6,86,,,,,,,,,,,,,,,,,,,,,,,,,,1,MTurk
2022-04-04 12:19:35,2022-04-04 12:29:20,0,,100,584,1,2022-04-04 12:29:20,R_2YVUkh547lOFDsK,,,,,,,anonymous,EN,1,A22HIX1M4QXZBB,34,2,,7,7,6,7,94,,,,,,5,5,6,5,80,,,,,,7,2,,,,,,6,7,6,7,88,,,,,,6,6,7,7,95,,,,,,,,,,,,,,,,,,,,,2,MTurk
2022-04-04 12:26:47,2022-04-04 12:29:31,0,,100,164,1,2022-04-04 12:29:31,R_vldRFEuTiXSrZ1n,,,,,,,anonymous,EN,1,AK52RXEJKR81A,36,2,,7,7,7,7,100,,,,,,7,7,7,7,100,,,,,,2,1,,,,,,7,7,7,7,100,,,,,,7,7,7,7,100,,,,,,,,,,,,,,,,,,,,,1,MTurk
2022-04-04 12:25:17,2022-04-04 12:30:00,0,,100,282,1,2022-04-04 12:30:00,R_3MfFFDWsIDqLlPf,,,,,,,anonymous,EN,1,A37823TC5R6XM2,29,1,,3,4,5,6,72,3,4,5,6,74,3,4,5,6,76,2,3,4,5,71,2,2,,,,,,,,,,,,,,,,,,,,,,,,,,,,,,,,,,,,,,,,,1,MTurk
2022-04-04 12:14:52,2022-04-04 12:30:15,0,,100,922,1,2022-04-04 12:30:15,R_1GP0JBZamYAPEdZ,,,,,,,anonymous,EN,1,AEHH65WR5E3L6,40,1,,,,,,,,,,,,,,,,,7,7,6,7,92,1,2,6,5,2,6,78,6,5,5,6,80,7,7,7,7,75,,,,,,,,,,,,,,,,,,,,,,,,,,1,MTurk
2022-04-04 12:26:11,2022-04-04 12:30:39,0,,100,268,1,2022-04-04 12:30:40,R_Q4yejGqjoxqJPNL,,,,,,,anonymous,EN,1,A1G0XJ2E05MDRI,31,1,,,,,,,,,,,,7,6,7,7,88,,,,,,1,5,,,,,,,,,,,,,,,,7,6,7,6,85,7,6,7,6,89,7,6,7,6,96,,,,,,,,,,,1,MTurk
2022-04-04 12:20:36,2022-04-04 12:30:41,0,,100,604,1,2022-04-04 12:30:41,R_1P5Cu9oZT8joqy4,,,,,,,anonymous,EN,1,A2SWN2VLSQCMT8,53,1,,,,,,,,,,,,4,4,4,4,40,,,,,,7,2,,,,,,,,,,,,,,,,4,4,4,4,50,4,4,4,4,50,4,4,4,4,50,,,,,,,,,,,2,MTurk
2022-04-04 12:28:30,2022-04-04 12:31:34,0,,100,183,1,2022-04-04 12:31:34,R_3Rl9qCW95qNGxrr,,,,,,,anonymous,EN,1,AFFXVHHBUWW4D,28,2,,,,,,,,,,,,,,,,,,,,,,7,5,,,,,,7,7,7,7,100,,,,,,,,,,,7,7,7,7,100,,,,,,7,7,7,7,100,,,,,,2,MTurk
2022-04-04 12:29:57,2022-04-04 12:32:10,0,,100,132,1,2022-04-04 12:32:10,R_25zIbwQYBZzVU9p,,,,,,,anonymous,EN,1,A31R6Z4OA1PQDR,41,2,,,,,,,,,,,,6,7,6,6,80,,,,,,7,2,,,,,,,,,,,,,,,,5,7,6,7,80,6,7,6,7,81,6,7,5,7,79,,,,,,,,,,,2,MTurk
2022-04-04 12:19:40,2022-04-04 12:32:48,0,,100,788,1,2022-04-04 12:32:49,R_1N3OFvw3T5L7zm7,,,,,,,anonymous,EN,1,A3RT24DS1XUCU9,36,2,,6,7,7,6,71,6,5,5,5,97,6,7,6,7,96,6,7,6,7,95,1,1,,,,,,,,,,,,,,,,,,,,,,,,,,,,,,,,,,,,,,,,,1,MTurk
2022-04-04 12:26:17,2022-04-04 12:33:06,0,,100,409,1,2022-04-04 12:33:07,R_1rfCj95XVA925DH,,,,,,,anonymous,EN,1,A3RQBXJQOOEX3S,25,1,,,,,,,,,,,,,,,,,,,,,,7,2,,,,,,7,7,6,7,90,,,,,,,,,,,7,7,7,6,85,,,,,,7,7,6,7,89,7,7,6,7,97,2,MTurk
2022-04-04 12:19:56,2022-04-04 12:33:24,0,,100,807,1,2022-04-04 12:33:24,R_3s1Gi0fcyD62l9M,,,,,,,anonymous,EN,1,A3SMFA2CW93AO2,39,2,,,,,,,,,,,,,,,,,6,6,6,7,58,1,1,,,,,,,,,,,,,,,,,,,,,5,6,6,6,75,5,5,6,7,81,6,5,6,6,77,,,,,,1,MTurk
2022-04-04 12:27:02,2022-04-04 12:33:38,0,,100,395,1,2022-04-04 12:33:38,R_1GvRLdv0UM7Y34U,,,,,,,anonymous,EN,1,A1OZ9RF3DV7E7V,35,1,,,,,,,,,,,,,,,,,7,7,7,7,49,2,2,,,,,,,,,,,,,,,,,,,,,7,7,7,7,56,7,7,7,7,82,7,7,6,7,68,,,,,,1,MTurk
2022-04-04 12:30:41,2022-04-04 12:33:37,0,,100,176,1,2022-04-04 12:33:39,R_32PDiiDumsNhQ74,,,,,,,anonymous,EN,1,ANQT8ZXS2SZ70,39,2,,,,,,,,,,,,,,,,,,,,,,1,1,,,,,,,,,,,,,,,,,,,,,5,6,7,7,64,,,,,,6,5,7,6,65,5,6,6,6,63,1,MTurk
2022-04-04 12:07:10,2022-04-04 12:34:05,0,,100,1614,1,2022-04-04 12:34:05,R_3iJCchd3arMnNjX,,,,,,,anonymous,EN,1,A1WBEFOILOWKKC,43,1,,,,,,,,,,,,,,,,,5,4,5,5,68,6,1,5,4,5,6,75,5,4,6,5,59,6,5,3,5,53,,,,,,,,,,,,,,,,,,,,,,,,,,1,MTurk
2022-04-04 12:19:30,2022-04-04 12:34:52,0,,100,921,1,2022-04-04 12:34:52,R_11dO77FlOhCtVW0,,,,,,,anonymous,EN,1,A9HK3GTPRDCE,30,1,,5,4,5,4,71,4,5,4,5,72,4,5,4,5,72,5,4,5,4,69,7,2,,,,,,,,,,,,,,,,,,,,,,,,,,,,,,,,,,,,,,,,,3,MTurk
2022-04-04 12:25:12,2022-04-04 12:35:00,0,,100,587,1,2022-04-04 12:35:01,R_wZWgf6Z5s663WqR,,,,,,,anonymous,EN,1,A199D3PL67NVTG,26,2,,7,6,6,6,80,6,5,5,6,67,6,6,7,6,77,6,5,6,6,69,7,5,,,,,,,,,,,,,,,,,,,,,,,,,,,,,,,,,,,,,,,,,3,MTurk
2022-04-04 12:33:58,2022-04-04 12:35:37,0,,100,98,1,2022-04-04 12:35:38,R_ehWjNpy1uUhVSq5,,,,,,,anonymous,EN,1,A235KQMD3790KB,33,1,,7,6,6,6,52,6,6,7,6,52,7,7,7,7,52,7,6,6,6,52,7,5,,,,,,,,,,,,,,,,,,,,,,,,,,,,,,,,,,,,,,,,,1,MTurk
2022-04-04 12:33:31,2022-04-04 12:35:40,0,,100,128,1,2022-04-04 12:35:40,R_QnZdWfTWc9egCaJ,,,,,,,anonymous,EN,1,A1LSHLXYOBW0RY,25,1,,,,,,,,,,,,,,,,,6,6,6,6,49,7,5,6,6,7,7,72,5,6,6,7,84,6,6,7,7,49,,,,,,,,,,,,,,,,,,,,,,,,,,1,MTurk
2022-04-04 12:32:21,2022-04-04 12:36:05,0,,100,224,1,2022-04-04 12:36:07,R_0kWZXNdbzSUfbrP,,,,,,,anonymous,EN,1,A3F4ASKGEG0D81,30,1,,,,,,,,,,,,,,,,,6,5,6,6,100,7,2,6,5,5,6,100,7,6,6,7,100,6,5,6,6,100,,,,,,,,,,,,,,,,,,,,,,,,,,1,MTurk
2022-04-04 12:33:54,2022-04-04 12:36:34,0,,100,160,1,2022-04-04 12:36:34,R_24j8DMe8paMCo1b,,,,,,,anonymous,EN,1,AZFWTZVCD30DV,62,2,,,,,,,,,,,,6,5,6,6,100,,,,,,7,2,,,,,,,,,,,,,,,,6,5,5,6,100,6,5,4,6,100,6,5,6,6,100,,,,,,,,,,,1,MTurk
2022-04-04 12:33:18,2022-04-04 12:36:49,0,,100,211,1,2022-04-04 12:36:50,R_3iUWGUxpMBfAYp5,,,,,,,anonymous,EN,1,A232EL7EXYO8QO,20,1,,6,6,6,6,61,,,,,,7,5,6,6,68,,,,,,3,3,,,,,,6,7,7,7,85,,,,,,5,5,5,5,71,,,,,,,,,,,,,,,,,,,,,2,MTurk
2022-04-04 12:34:45,2022-04-04 12:38:18,0,,100,213,1,2022-04-04 12:38:18,R_12yin1MoH3O0YeF,,,,,,,anonymous,EN,1,A3NEA835P84IEC,31,1,,,,,,,,,,,,6,5,7,7,79,,,,,,2,3,,,,,,,,,,,,,,,,6,6,7,7,89,5,6,6,4,87,6,7,7,7,96,,,,,,,,,,,1,MTurk
2022-04-04 12:34:11,2022-04-04 12:38:23,0,,100,251,1,2022-04-04 12:38:23,R_2X6iKWaghr23TxH,,,,,,,anonymous,EN,1,A3589J26KD9QYA,30,2,,7,6,5,7,99,,,,,,7,6,5,7,100,,,,,,1,3,,,,,,7,6,5,7,100,,,,,,7,6,5,7,83,,,,,,,,,,,,,,,,,,,,,1,MTurk
2022-04-04 12:38:53,2022-04-04 12:40:58,0,,100,124,1,2022-04-04 12:40:58,R_3MsbXU6lcUqX7M1,,,,,,,anonymous,EN,1,A2IPIDAMGOTGN,29,1,,,,,,,,,,,,,,,,,,,,,,2,2,,,,,,3,4,5,6,75,,,,,,,,,,,2,3,4,5,70,,,,,,,,,,,2,3,4,5,81,1,MTurk
2022-04-04 12:40:17,2022-04-04 12:41:45,0,,100,87,1,2022-04-04 12:41:45,R_27r1UgXSqclNO0z,,,,,,,anonymous,EN,1,A3CHSA26PP3N39,40,1,,,,,,,,,,,,,,,,,6,7,6,7,80,7,5,,,,,,,,,,,,,,,,,,,,,7,5,5,7,79,7,7,6,7,87,7,6,6,6,100,,,,,,1,MTurk
2022-04-04 12:39:58,2022-04-04 12:42:24,0,,100,146,1,2022-04-04 12:42:25,R_1BKIPrSpWsy5xip,,,,,,,anonymous,EN,1,AU7A3QNJF3O00,33,1,,7,7,7,7,100,,,,,,6,5,5,4,81,,,,,,7,2,,,,,,6,7,6,6,92,,,,,,7,7,6,7,99,,,,,,,,,,,,,,,,,,,,,2,MTurk
2022-04-04 12:36:06,2022-04-04 12:42:41,0,,100,394,1,2022-04-04 12:42:41,R_1oAxRusaQ5iJ17D,,,,,,,anonymous,EN,1,ALOTVAGJ19BOH,24,2,,7,6,7,7,95,7,7,7,7,82,7,7,7,7,35,7,7,7,7,96,7,2,,,,,,,,,,,,,,,,,,,,,,,,,,,,,,,,,,,,,,,,,1,MTurk
2022-04-04 12:41:24,2022-04-04 12:44:04,0,,100,159,1,2022-04-04 12:44:04,R_0Io0J0npZCgPLhL,,,,,,,anonymous,EN,1,A1WDKGHZ4J0H67,31,1,,,,,,,,,,,,,,,,,,,,,,2,5,,,,,,7,6,7,6,96,,,,,,,,,,,6,7,6,7,97,,,,,,,,,,,7,5,7,6,93,3,MTurk
2022-04-04 12:37:59,2022-04-04 12:44:40,0,,100,400,1,2022-04-04 12:44:41,R_2Ugt6Oq2sggBffT,,,,,,,anonymous,EN,1,ATG1TVBU27YYR,43,2,,,,,,,,,,,,,,,,,,,,,,4,,,,,,,7,5,6,6,58,,,,,,,,,,,7,6,6,6,59,,,,,,6,4,5,5,65,7,6,5,7,56,3,MTurk
2022-04-04 12:42:17,2022-04-04 12:45:03,0,,100,165,1,2022-04-04 12:45:03,R_Q0Pr3YxYYOl7v0t,,,,,,,anonymous,EN,1,A2QBNMNHDGVAUM,29,1,,,,,,,,,,,,,,,,,2,3,4,5,75,2,2,,,,,,,,,,,,,,,,,,,,,3,4,5,6,77,2,3,4,5,79,3,4,5,6,83,,,,,,1,MTurk
2022-04-04 12:37:49,2022-04-04 12:45:12,0,,100,443,1,2022-04-04 12:45:12,R_2uxH2plbT1gUA4S,,,,,,,anonymous,EN,1,A1WL31KHTKDHYC,32,1,,6,4,6,6,78,7,5,6,6,78,7,5,6,6,78,7,5,6,6,73,7,2,,,,,,,,,,,,,,,,,,,,,,,,,,,,,,,,,,,,,,,,,2,MTurk
2022-04-04 12:32:24,2022-04-04 12:46:26,0,,100,841,1,2022-04-04 12:46:26,R_Z1wQiwQuNUYMD5v,,,,,,,anonymous,EN,1,A3SFZCH15CJ16V,44,2,,7,7,7,7,88,7,7,7,7,84,6,7,7,7,85,7,7,7,7,78,2,2,,,,,,,,,,,,,,,,,,,,,,,,,,,,,,,,,,,,,,,,,1,MTurk
2022-04-04 12:39:58,2022-04-04 12:48:13,0,,100,495,1,2022-04-04 12:48:13,R_1IfVBnPzWg94jB1,,,,,,,anonymous,EN,1,A388DYWWEJEQ1A,40,2,,,,,,,,,,,,5,6,7,5,88,,,,,,7,1,,,,,,,,,,,,,,,,5,6,7,4,86,5,6,7,6,87,7,5,6,7,85,,,,,,,,,,,2,MTurk
2022-04-04 12:43:18,2022-04-04 12:52:03,0,,100,525,1,2022-04-04 12:52:04,R_1oef5U8tTblZNSE,,,,,,,anonymous,EN,1,A1JCSUTUAH4KKS,35,1,,,,,,,,,,,,,,,,,5,6,6,5,71,1,2,6,7,6,6,68,6,7,7,6,73,6,7,6,6,74,,,,,,,,,,,,,,,,,,,,,,,,,,1,MTurk
2022-04-04 12:50:32,2022-04-04 12:52:49,0,,100,136,1,2022-04-04 12:52:50,R_virkPoKCVv917Tr,,,,,,,anonymous,EN,1,A1WR3WTEHJEY2D,42,2,,6,6,6,6,84,,,,,,6,6,6,6,88,,,,,,7,5,,,,,,6,6,6,7,91,,,,,,6,6,6,6,86,,,,,,,,,,,,,,,,,,,,,2,MTurk
2022-04-04 12:51:39,2022-04-04 12:53:13,0,,100,94,1,2022-04-04 12:53:15,R_1I744LtBfRBVA2Z,,,,,,,anonymous,EN,1,A17D6BK59S31BM,32,1,,,,,,,,,,,,,,,,,,,,,,7,2,,,,,,4,5,6,4,73,,,,,,,,,,,,,,,,,,,,,6,4,6,5,74,6,3,5,3,69,2,MTurk
2022-04-04 12:53:54,2022-04-04 12:56:01,0,,100,127,1,2022-04-04 12:56:01,R_1XfVamhcia4kRUJ,,,,,,,anonymous,EN,1,AQRCQ6BBASPVQ,26,1,,,,,,,,,,,,,,,,,7,7,7,7,94,1,2,,,,,,,,,,,,,,,,,,,,,7,7,7,7,85,7,7,7,7,93,7,7,7,7,79,,,,,,2,MTurk
2022-04-04 12:55:42,2022-04-04 12:56:40,0,,100,58,1,2022-04-04 12:56:41,R_qIOXM91ZYiPA2Wd,,,,,,,anonymous,EN,1,AIWSB4YTN32GF,25,1,,,,,,,,,,,,,,,,,2,3,5,4,77,7,2,4,2,6,7,84,1,2,1,1,66,5,3,5,2,78,,,,,,,,,,,,,,,,,,,,,,,,,,2,MTurk
2022-04-04 12:53:25,2022-04-04 13:00:44,0,,100,439,1,2022-04-04 13:00:45,R_sqkwx9DWESioWAN,,,,,,,anonymous,EN,1,A3Q5GMBBVACD86,36,1,,,,,,,,,,,,6,7,6,5,81,,,,,,7,2,,,,,,,,,,,,,,,,7,5,6,7,72,6,7,5,6,78,6,7,6,5,78,,,,,,,,,,,1,MTurk
2022-04-04 12:57:41,2022-04-04 13:02:38,0,,100,297,1,2022-04-04 13:02:40,R_1Ksg9Ek1vUcI7BX,,,,,,,anonymous,EN,1,A5PQ13WDUI3SE,42,1,,,,,,,,,,,,,,,,,,,,,,4,2,,,,,,6,6,6,7,62,,,,,,,,,,,5,7,6,7,55,,,,,,,,,,,6,6,4,7,68,1,MTurk
2022-04-04 13:00:59,2022-04-04 13:02:41,0,,100,101,1,2022-04-04 13:02:41,R_0BTpwanO6GIUcNz,,,,,,,anonymous,EN,1,A1I5MAV91WFYB7,36,1,,,,,,,,,,,,,,,,,6,6,7,7,71,7,2,,,,,,,,,,,,,,,,,,,,,7,6,7,7,77,6,7,6,7,82,7,5,7,7,68,,,,,,2,MTurk
2022-04-04 13:00:31,2022-04-04 13:05:09,0,,100,278,1,2022-04-04 13:05:09,R_1rAeiyIh49WKDKg,,,,,,,anonymous,EN,1,A2EQVC41YDSMMW,41,1,,,,,,,,,,,,5,7,6,5,62,,,,,,7,2,,,,,,,,,,,,,,,,6,7,5,6,72,6,5,7,6,90,5,6,7,5,99,,,,,,,,,,,2,MTurk
2022-04-04 13:02:57,2022-04-04 13:05:47,0,,100,170,1,2022-04-04 13:05:48,R_1mOvWWbm10HLZuZ,,,,,,,anonymous,EN,1,A3BU3D52O9RDWL,29,1,,5,6,5,6,70,5,6,6,6,70,6,7,6,7,69,6,6,7,7,62,7,3,,,,,,,,,,,,,,,,,,,,,,,,,,,,,,,,,,,,,,,,,2,MTurk
2022-04-04 13:04:42,2022-04-04 13:07:39,0,,100,176,1,2022-04-04 13:07:39,R_3Mg97zfZKCyumzm,,,,,,,anonymous,EN,1,A2TVWQNYBQ5QE8,37,1,,,,,,,,,,,,,,,,,6,7,6,7,71,1,1,,,,,,,,,,,,,,,,,,,,,6,7,6,7,69,6,7,6,7,69,6,7,6,7,81,,,,,,1,MTurk
2022-04-04 13:04:27,2022-04-04 13:10:50,0,,100,382,1,2022-04-04 13:10:50,R_2BxqwJ7HvFVzJUW,,,,,,,anonymous,EN,1,A154GDFZJ7AU32,38,1,,,,,,,,,,,,,,,,,7,5,6,7,60,2,3,,,,,,,,,,,,,,,,,,,,,6,7,5,6,75,7,6,6,5,65,7,5,6,7,73,,,,,,1,MTurk
2022-04-04 13:00:57,2022-04-04 13:12:20,0,,100,683,1,2022-04-04 13:12:20,R_0ezGBVhPw0nLXcB,,,,,,,anonymous,EN,1,A1SZYRAMVIZO47,56,1,,,,,,,,,,,,,,,,,7,6,7,7,90,1,2,7,6,6,7,88,6,5,7,6,86,7,7,7,6,100,,,,,,,,,,,,,,,,,,,,,,,,,,1,MTurk
2022-04-04 13:13:00,2022-04-04 13:21:41,0,,100,521,1,2022-04-04 13:21:42,R_e2MqO1G6iOdQ0Bb,,,,,,,anonymous,EN,1,A1198W1SPF1R4,54,2,,6,6,5,7,85,,,,,,6,7,6,5,85,,,,,,7,2,,,,,,7,7,7,7,91,,,,,,7,7,5,6,85,,,,,,,,,,,,,,,,,,,,,2,MTurk
2022-04-04 13:23:48,2022-04-04 13:26:22,0,,100,153,1,2022-04-04 13:26:23,R_abcDAXHZBv3ySvn,,,,,,,anonymous,EN,1,A27SYLO591C4MQ,34,2,,6,7,6,7,72,6,7,6,7,71,6,7,7,6,70,6,7,6,7,68,1,1,,,,,,,,,,,,,,,,,,,,,,,,,,,,,,,,,,,,,,,,,1,MTurk
2022-04-04 13:28:04,2022-04-04 13:29:46,0,,100,102,1,2022-04-04 13:29:46,R_32KqUWtO8RGR7HU,,,,,,,anonymous,EN,1,A33O5H7D84ZGMF,35,2,,,,,,,,,,,,6,6,7,5,84,,,,,,7,5,,,,,,,,,,,,,,,,7,6,7,5,68,6,7,5,6,90,5,6,7,6,77,,,,,,,,,,,2,MTurk
2022-04-04 13:33:25,2022-04-04 13:34:36,0,,100,71,1,2022-04-04 13:34:38,R_3HC7YGMzaGsw5IR,,,,,,,anonymous,EN,1,AYVJ1AI4VLWU9,25,1,,1,7,2,5,80,,,,,,6,7,2,3,96,,,,,,7,2,,,,,,1,5,1,2,85,,,,,,1,4,4,5,85,,,,,,,,,,,,,,,,,,,,,2,MTurk
2022-04-04 13:33:32,2022-04-04 13:35:31,0,,100,118,1,2022-04-04 13:35:31,R_1K1NBMbIc8LG4h6,,,,,,,anonymous,EN,1,AAOK1IPJGXQC8,24,1,,,,,,,,,,,,,,,,,,,,,,2,3,,,,,,4,5,4,5,47,,,,,,,,,,,4,5,4,5,52,,,,,,4,5,4,6,55,4,4,4,5,60,3,MTurk
2022-04-04 14:25:25,2022-04-04 14:30:25,0,,100,299,1,2022-04-04 14:30:25,R_3CBfJH567NuIteu,,,,,,,anonymous,EN,1,A3C70ZD994NNHG,42,2,,,,,,,,,,,,6,7,6,7,75,,,,,,1,1,,,,,,,,,,,,,,,,6,7,6,7,75,6,7,6,7,73,6,7,6,7,72,,,,,,,,,,,1,MTurk
2022-04-04 14:29:48,2022-04-04 14:32:07,0,,100,139,1,2022-04-04 14:32:07,R_2QASnSUYLG4Ivf3,,,,,,,anonymous,EN,1,AS1P75J5FYSCQ,30,2,,,,,,,,,,,,6,5,7,6,69,,,,,,7,2,,,,,,,,,,,,,,,,5,6,7,6,78,6,7,5,6,81,6,7,5,6,54,,,,,,,,,,,3,MTurk
2022-04-04 14:31:52,2022-04-04 14:35:20,0,,100,207,1,2022-04-04 14:35:20,R_2VkKEwpaNWNOaf6,,,,,,,anonymous,EN,1,A2QX1SJXQN1NV1,38,1,,,,,,,,,,,,,,,,,5,6,7,6,80,1,2,5,6,6,7,90,5,6,7,6,83,6,6,5,7,94,,,,,,,,,,,,,,,,,,,,,,,,,,1,MTurk
2022-04-04 14:49:22,2022-04-04 15:00:28,0,,100,666,1,2022-04-04 15:00:28,R_1LURZUP1StJs37W,,,,,,,anonymous,EN,1,A1LMKRXF7QWVQW,52,2,,,,,,,,,,,,,,,,,6,5,6,7,65,2,2,,,,,,,,,,,,,,,,,,,,,6,6,6,6,64,5,6,6,6,71,6,6,6,6,78,,,,,,1,MTurk
2022-04-04 15:20:13,2022-04-04 15:28:38,0,,100,504,1,2022-04-04 15:28:39,R_1fdDIK3EZ0eSXjV,,,,,,,anonymous,EN,1,A1PF1T680LSXQ5,41,1,,6,7,6,7,81,6,7,6,6,80,6,7,6,7,81,6,7,6,7,81,7,2,,,,,,,,,,,,,,,,,,,,,,,,,,,,,,,,,,,,,,,,,2,MTurk
2022-04-05 05:20:52,2022-04-05 05:22:32,0,,100,100,1,2022-04-05 05:22:33,R_3Hi6ASPsglXU6Kv,,,,,,,anonymous,EN,1,A11042NCTA8PGT,35,1,,,,,,,,,,,,,,,,,,,,,,7,2,,,,,,7,7,7,7,90,,,,,,,,,,,7,7,7,7,90,,,,,,,,,,,7,7,7,7,90,1,MTurk
2022-04-05 05:20:37,2022-04-05 05:24:29,0,,100,231,1,2022-04-05 05:24:30,R_PSfHKSEXYRiWG2t,,,,,,,anonymous,EN,1,A8RH3SMTGGQC,30,2,,7,7,7,7,100,7,7,7,7,100,7,7,7,7,100,7,7,7,7,100,7,2,,,,,,,,,,,,,,,,,,,,,,,,,,,,,,,,,,,,,,,,,2,MTurk
2022-04-05 05:22:43,2022-04-05 05:24:42,0,,100,118,1,2022-04-05 05:24:42,R_322TIK0quGP0Mry,,,,,,,anonymous,EN,1,A2NAKIXS3DVGAA,28,1,,,,,,,,,,,,,,,,,5,5,5,5,70,7,2,5,5,5,5,71,5,5,5,5,70,5,5,5,5,71,,,,,,,,,,,,,,,,,,,,,,,,,,3,MTurk
2022-04-05 05:22:39,2022-04-05 05:24:47,0,,100,128,1,2022-04-05 05:24:47,R_Az0u8ME7xG6NCet,,,,,,,anonymous,EN,1,A321CSFRYGQHCQ,27,1,,,,,,,,,,,,,,,,,6,5,4,6,70,7,2,,,,,,,,,,,,,,,,,,,,,7,6,6,7,90,7,6,7,7,98,6,6,6,6,91,,,,,,3,MTurk
2022-04-05 05:22:40,2022-04-05 05:24:55,0,,100,134,1,2022-04-05 05:24:55,R_3EpcabEduQwDu0A,,,,,,,anonymous,EN,1,A1WS034BN6VQPK,30,1,,7,6,5,4,100,7,6,4,5,95,6,5,4,5,100,6,7,6,5,100,1,1,,,,,,,,,,,,,,,,,,,,,,,,,,,,,,,,,,,,,,,,,1,MTurk
2022-04-05 05:21:16,2022-04-05 05:25:14,0,,100,238,1,2022-04-05 05:25:14,R_8liaysvrq9J7SFP,,,,,,,anonymous,EN,1,A24POSXF7260GF,30,2,,,,,,,,,,,,5,6,6,5,78,,,,,,2,3,,,,,,,,,,,,,,,,6,7,6,4,85,6,5,6,5,85,6,6,7,4,64,,,,,,,,,,,1,MTurk
2022-04-05 05:21:59,2022-04-05 05:25:36,0,,100,217,1,2022-04-05 05:25:37,R_3PmDeYkFes0AM46,,,,,,,anonymous,EN,1,A1K8VUKRL53OX,30,1,,7,7,7,7,95,,,,,,7,7,7,7,95,,,,,,7,5,,,,,,7,7,7,7,91,,,,,,7,7,7,7,91,,,,,,,,,,,,,,,,,,,,,1,MTurk
2022-04-05 05:23:33,2022-04-05 05:25:48,0,,100,134,1,2022-04-05 05:25:48,R_3Ooja8UdEWyQzp6,,,,,,,anonymous,EN,1,A3K8RZYA7DPPRJ,55,1,,,,,,,,,,,,,,,,,,,,,,,3,,,,,,6,7,6,7,79,,,,,,,,,,,7,6,7,6,62,,,,,,7,6,7,6,64,7,6,7,6,90,2,MTurk
2022-04-05 05:23:52,2022-04-05 05:26:15,0,,100,143,1,2022-04-05 05:26:15,R_3HAeKQpkDyGD3L2,,,,,,,anonymous,EN,1,A3EPANM004TD1M,39,2,,,,,,,,,,,,,,,,,5,5,5,5,83,7,2,,,,,,,,,,,,,,,,,,,,,7,7,7,7,97,5,5,5,5,98,5,5,5,5,81,,,,,,2,MTurk
2022-04-05 05:23:21,2022-04-05 05:27:07,0,,100,225,1,2022-04-05 05:27:07,R_3003ptD95qB7YXi,,,,,,,anonymous,EN,1,A28NWNCA385YGU,35,1,,,,,,,,,,,,6,5,6,6,71,,,,,,7,2,,,,,,,,,,,,,,,,5,6,5,6,73,6,5,6,6,71,6,5,7,6,77,,,,,,,,,,,1,MTurk
2022-04-05 05:25:58,2022-04-05 05:27:39,0,,100,101,1,2022-04-05 05:27:41,R_3hF5lmRaroIgGqy,,,,,,,anonymous,EN,1,A247VOMO4MMA38,25,2,,7,6,7,7,77,,,,,,7,7,7,7,70,,,,,,1,3,,,,,,7,7,7,7,86,,,,,,7,7,7,7,76,,,,,,,,,,,,,,,,,,,,,1,MTurk
2022-04-05 05:25:44,2022-04-05 05:27:45,0,,100,121,1,2022-04-05 05:27:46,R_3OqMDl2j943mU3v,,,,,,,anonymous,EN,1,A2C9K32UQ0RXQN,25,2,,6,6,5,6,74,6,5,6,6,85,6,6,6,6,91,2,2,2,2,13,7,5,,,,,,,,,,,,,,,,,,,,,,,,,,,,,,,,,,,,,,,,,3,MTurk
2022-04-05 05:26:22,2022-04-05 05:28:06,0,,100,103,1,2022-04-05 05:28:06,R_9Y27vqOOnfb24N3,,,,,,,anonymous,EN,1,A5P12YJP805RG,26,1,,,,,,,,,,,,,,,,,6,4,3,4,75,7,2,7,7,6,6,91,6,6,4,4,80,5,5,5,5,75,,,,,,,,,,,,,,,,,,,,,,,,,,2,MTurk
2022-04-05 05:26:01,2022-04-05 05:28:46,0,,100,164,1,2022-04-05 05:28:46,R_etYCDLSi4Ji9ZlL,,,,,,,anonymous,EN,1,A1428L5E38LGMX,52,1,,6,5,6,6,89,,,,,,6,5,5,6,87,,,,,,7,2,,,,,,6,6,7,6,80,,,,,,6,7,6,6,84,,,,,,,,,,,,,,,,,,,,,2,MTurk
2022-04-05 05:25:52,2022-04-05 05:29:06,0,,100,194,1,2022-04-05 05:29:06,R_3fq4FWpgAWTovw7,,,,,,,anonymous,EN,1,A2KRPK3GQR0GA9,35,1,,,,,,,,,,,,,,,,,7,7,7,7,100,7,2,7,7,7,7,100,7,7,7,7,100,7,7,7,7,97,,,,,,,,,,,,,,,,,,,,,,,,,,3,MTurk
2022-04-05 05:26:44,2022-04-05 05:29:16,0,,100,152,1,2022-04-05 05:29:17,R_3GkUWB8PH1ki9e8,,,,,,,anonymous,EN,1,APL6X48OZH9QF,29,1,,,,,,,,,,,,,,,,,6,5,4,6,79,7,2,,,,,,,,,,,,,,,,,,,,,6,5,6,5,67,5,5,5,6,80,5,6,4,5,77,,,,,,2,MTurk
2022-04-05 05:26:45,2022-04-05 05:29:22,0,,100,157,1,2022-04-05 05:29:22,R_0vwVlpeRVpNDhjr,,,,,,,anonymous,EN,1,A1EIRAKSLWC9WU,30,1,,,,,,,,,,,,,,,,,,,,,,1,4,,,,,,2,5,5,3,64,,,,,,,,,,,,,,,,,,,,,2,5,4,5,59,2,4,3,5,61,1,MTurk
2022-04-05 05:28:47,2022-04-05 05:30:10,0,,100,83,1,2022-04-05 05:30:10,R_11j3TyNZmeAD4wD,,,,,,,anonymous,EN,1,A25L0OK6EX80K4,25,2,,,,,,,,,,,,,,,,,7,6,7,7,81,1,3,,,,,,,,,,,,,,,,,,,,,7,6,7,7,81,7,6,7,7,75,7,6,7,7,74,,,,,,1,MTurk
2022-04-05 05:30:28,2022-04-05 05:33:12,0,,100,164,1,2022-04-05 05:33:12,R_33ycpZ3ug4mTEPS,,,,,,,anonymous,EN,1,AD4YF6SVAHCSS,45,1,,,,,,,,,,,,,,,,,7,6,7,5,98,4,2,7,6,7,6,70,6,7,6,7,96,6,7,6,7,78,,,,,,,,,,,,,,,,,,,,,,,,,,1,MTurk
2022-04-05 05:32:23,2022-04-05 05:34:03,0,,100,100,1,2022-04-05 05:34:04,R_bNncYkrMVl0kLvP,,,,,,,anonymous,EN,1,COPIEDA26HKTRYEW6OA5,25,2,,,,,,,,,,,,7,7,7,7,82,,,,,,1,3,,,,,,,,,,,,,,,,7,7,7,7,73,7,6,7,7,80,7,6,7,7,75,,,,,,,,,,,1,MTurk
2022-04-05 05:30:18,2022-04-05 05:35:02,0,,100,283,1,2022-04-05 05:35:02,R_blombZT1Ikj7KUN,,,,,,,anonymous,EN,1,A2WTSIFVDRSB2H,24,2,,,,,,,,,,,,,,,,,,,,,,7,3,,,,,,2,4,3,3,93,,,,,,,,,,,,,,,,,,,,,3,6,2,5,82,2,3,4,3,72,1,MTurk
2022-04-05 05:28:01,2022-04-05 05:36:24,0,,100,502,1,2022-04-05 05:36:24,R_1JEiVkO7aX6Vy4s,,,,,,,anonymous,EN,1,A3IQWK3D4ABJKV,1983,2,,4,5,5,4,67,5,6,3,5,80,4,5,6,6,71,5,6,4,4,72,7,2,,,,,,,,,,,,,,,,,,,,,,,,,,,,,,,,,,,,,,,,,1,MTurk
2022-04-05 05:29:45,2022-04-05 05:36:42,0,,100,416,1,2022-04-05 05:36:42,R_xupOZfk2bN3lFvz,,,,,,,anonymous,EN,1,A0505289TSH2NC1YOHYK,31,1,,,,,,,,,,,,,,,,,6,6,6,6,79,7,2,,,,,,,,,,,,,,,,,,,,,4,4,4,4,49,6,6,6,6,70,5,5,5,5,63,,,,,,2,MTurk
2022-04-05 05:34:54,2022-04-05 05:36:58,0,,100,124,1,2022-04-05 05:36:59,R_Z37IGewQIydHUT7,,,,,,,anonymous,EN,1,AXUA1OX2YNT8B,34,1,,7,6,5,6,89,,,,,,7,6,5,6,83,,,,,,1,3,,,,,,7,6,5,6,92,,,,,,7,6,5,6,85,,,,,,,,,,,,,,,,,,,,,1,MTurk
2022-04-05 05:29:56,2022-04-05 05:41:03,0,,100,666,1,2022-04-05 05:41:03,R_SCVrZ1X0IuPbQat,,,,,,,anonymous,EN,1,A25UWPX64DCORM,38,1,,7,7,7,7,64,,,,,,7,7,7,7,78,,,,,,1,2,,,,,,7,7,7,7,62,,,,,,7,7,7,7,72,,,,,,,,,,,,,,,,,,,,,1,MTurk
2022-04-05 05:37:47,2022-04-05 05:41:28,0,,100,220,1,2022-04-05 05:41:29,R_2bIEd88Lv7PgeMl,,,,,,,anonymous,EN,1,A2L08K9XYBST0S,32,2,,,,,,,,,,,,,,,,,7,7,7,7,85,7,3,7,7,7,7,85,7,7,7,7,90,7,7,7,7,85,,,,,,,,,,,,,,,,,,,,,,,,,,1,MTurk
2022-04-05 05:27:14,2022-04-05 05:41:29,0,,100,855,1,2022-04-05 05:41:30,R_Dl378k7048GPeOl,,,,,,,anonymous,EN,1,ADBJT4GB508IC,38,1,,,,,,,,,,,,7,7,7,7,80,,,,,,1,2,,,,,,,,,,,,,,,,7,7,7,7,67,7,7,7,7,69,7,7,7,7,66,,,,,,,,,,,1,MTurk
2022-04-05 05:43:04,2022-04-05 05:44:41,0,,100,96,1,2022-04-05 05:44:41,R_2cmERmWyBOb7ivL,,,,,,,anonymous,EN,1,A3I9MBQ16FWUPC,29,1,,7,6,7,6,99,6,7,5,5,100,6,7,6,5,98,7,6,7,6,100,2,1,,,,,,,,,,,,,,,,,,,,,,,,,,,,,,,,,,,,,,,,,1,MTurk
2022-04-05 05:43:40,2022-04-05 05:47:14,0,,100,214,1,2022-04-05 05:47:15,R_2xP0dR0nwGbqRch,,,,,,,anonymous,EN,1,AU1OERSMTAXUF,30,1,,6,7,6,5,66,6,7,6,5,68,6,6,4,5,70,6,6,5,4,62,1,5,,,,,,,,,,,,,,,,,,,,,,,,,,,,,,,,,,,,,,,,,1,MTurk
2022-04-05 05:46:04,2022-04-05 05:47:51,0,,100,107,1,2022-04-05 05:47:51,R_vUjS1vwb7EHs8OB,,,,,,,anonymous,EN,1,A1F9KLZGHE9DTA,47,1,,,,,,,,,,,,7,7,6,7,94,,,,,,7,2,,,,,,,,,,,,,,,,6,7,7,6,84,7,7,6,7,88,7,7,7,7,96,,,,,,,,,,,2,MTurk
2022-04-05 05:48:55,2022-04-05 05:51:49,0,,100,173,1,2022-04-05 05:51:49,R_1FLjdIdF0FdqiDK,,,,,,,anonymous,EN,1,A1D4O6M2A3Q4A3,38,1,,,,,,,,,,,,,,,,,5,4,2,2,52,7,3,,,,,,,,,,,,,,,,,,,,,6,3,2,3,52,1,3,2,2,51,3,2,4,2,51,,,,,,1,MTurk
2022-04-05 05:42:32,2022-04-05 05:52:27,0,,100,594,1,2022-04-05 05:52:27,R_31GIePzLzwS6hIK,,,,,,,anonymous,EN,1,A1ZK2TJW44JBYW,48,2,,,,,,,,,,,,,,,,,,,,,,7,5,,,,,,4,5,6,5,68,,,,,,,,,,,4,5,6,5,70,,,,,,,,,,,3,4,6,5,76,2,MTurk
2022-04-05 05:51:27,2022-04-05 05:52:48,0,,100,81,1,2022-04-05 05:52:49,R_2VkHNUBrjN9SB7q,,,,,,,anonymous,EN,1,ASAAL9165IX44,32,1,,,,,,,,,,,,,,,,,6,6,6,6,86,7,2,6,6,6,6,87,6,6,6,6,80,5,6,6,6,82,,,,,,,,,,,,,,,,,,,,,,,,,,3,MTurk
2022-04-05 05:52:11,2022-04-05 05:53:50,0,,100,99,1,2022-04-05 05:53:51,R_1f9srlI8a5nr6lt,,,,,,,anonymous,EN,1,A3HRH90YGARAHB,34,1,,7,6,5,7,89,,,,,,7,6,5,6,89,,,,,,1,5,,,,,,7,6,5,6,83,,,,,,7,6,5,6,89,,,,,,,,,,,,,,,,,,,,,1,MTurk
2022-04-05 05:51:40,2022-04-05 05:54:53,0,,100,193,1,2022-04-05 05:54:54,R_1C1jPpJFMR9imfz,,,,,,,anonymous,EN,1,AKNBC1TE88NDO,30,2,,,,,,,,,,,,,,,,,,,,,,7,2,,,,,,5,6,6,6,62,,,,,,,,,,,5,7,7,5,73,,,,,,6,6,7,6,65,5,6,6,7,96,2,MTurk
2022-04-05 05:58:53,2022-04-05 06:00:00,0,,100,67,1,2022-04-05 06:00:01,R_DitCQmFmvSYExH3,,,,,,,anonymous,EN,1,A2XKGKNZA3CZJ,38,1,,,,,,,,,,,,,,,,,,,,,,1,2,,,,,,7,7,7,7,67,,,,,,,,,,,,,,,,,,,,,7,7,7,7,68,7,7,7,7,60,1,MTurk
2022-04-05 05:59:36,2022-04-05 06:02:15,0,,100,158,1,2022-04-05 06:02:15,R_9pk5B2cnZ4JERIB,,,,,,,anonymous,EN,1,A1GMPM7O6JTW59,36,2,,,,,,,,,,,,7,7,7,7,98,,,,,,7,5,,,,,,,,,,,,,,,,5,6,6,6,88,7,7,7,7,97,4,5,5,5,82,,,,,,,,,,,2,MTurk
2022-04-05 06:03:03,2022-04-05 06:06:50,0,,100,227,1,2022-04-05 06:06:51,R_1DG373nlDPED1M8,,,,,,,anonymous,EN,1,A3NWLYSM43Q7G,33,2,,7,7,6,7,33,,,,,,6,5,7,6,79,,,,,,1,3,,,,,,6,7,6,7,81,,,,,,6,7,6,7,67,,,,,,,,,,,,,,,,,,,,,1,MTurk
2022-04-05 06:06:44,2022-04-05 06:10:01,0,,100,196,1,2022-04-05 06:10:01,R_1rBsdBeFvXKvG9t,,,,,,,anonymous,EN,1,A1O8UCJE4SB5VO,44,1,,,,,,,,,,,,,,,,,7,6,7,6,80,1,2,,,,,,,,,,,,,,,,,,,,,7,6,7,6,84,6,7,6,5,82,5,6,7,6,84,,,,,,2,MTurk
2022-04-05 06:08:55,2022-04-05 06:16:10,0,,100,434,1,2022-04-05 06:16:10,R_2B9wFQ0MhAtK1Pc,,,,,,,anonymous,EN,1,AH7M74507AU1U,45,1,,7,6,7,6,78,7,6,7,6,82,6,6,7,6,86,4,4,4,5,81,4,3,,,,,,,,,,,,,,,,,,,,,,,,,,,,,,,,,,,,,,,,,1,MTurk
2022-04-05 06:10:48,2022-04-05 06:17:06,0,,100,377,1,2022-04-05 06:17:06,R_cwfEVKaVFJ6zp6N,,,,,,,anonymous,EN,1,A1QZAJKT5VYNM0,39,1,,,,,,,,,,,,,,,,,7,6,5,6,87,7,3,6,5,6,5,88,7,6,5,4,88,6,5,6,5,92,,,,,,,,,,,,,,,,,,,,,,,,,,1,MTurk
2022-04-05 06:08:07,2022-04-05 06:20:19,0,,100,732,1,2022-04-05 06:20:19,R_2wLxAeZN9LzurrF,,,,,,,anonymous,EN,1,A1FIMCOQVUVI6M,29,1,,,,,,,,,,,,,,,,,7,6,6,7,89,7,5,7,6,7,7,84,7,6,7,7,87,7,6,6,6,82,,,,,,,,,,,,,,,,,,,,,,,,,,2,MTurk
2022-04-05 06:29:07,2022-04-05 06:31:12,0,,100,125,1,2022-04-05 06:31:13,R_AC1ILZyNml2xrmV,,,,,,,anonymous,EN,1,AKCS9995WTTU8,30,1,,6,7,7,6,75,,,,,,7,6,7,7,78,,,,,,1,1,,,,,,7,7,6,7,83,,,,,,7,6,6,6,88,,,,,,,,,,,,,,,,,,,,,1,MTurk
2022-04-05 06:41:52,2022-04-05 06:44:08,0,,100,135,1,2022-04-05 06:44:08,R_6ncYvicuKYNhsit,,,,,,,anonymous,EN,1,ABXI4GBPSE8FP,54,1,,,,,,,,,,,,,,,,,,,,,,5,2,,,,,,4,5,6,5,62,,,,,,,,,,,3,4,5,6,58,,,,,,,,,,,4,5,5,6,64,3,MTurk
2022-04-05 06:43:35,2022-04-05 06:47:20,0,,100,225,1,2022-04-05 06:47:21,R_2wQZvUj2QzESsLD,,,,,,,anonymous,EN,1,A1XU65ECGBIWCF,29,1,,7,6,7,7,90,6,7,7,6,80,6,7,6,6,90,7,6,6,6,90,1,2,,,,,,,,,,,,,,,,,,,,,,,,,,,,,,,,,,,,,,,,,2,MTurk
2022-04-05 08:34:53,2022-04-05 08:37:02,0,,100,129,1,2022-04-05 08:37:02,R_xa1sdn75pRI1QZ3,,,,,,,anonymous,EN,1,A2UTUFQNF2SRCH,30,1,,,,,,,,,,,,6,6,5,6,72,,,,,,1,5,,,,,,,,,,,,,,,,5,6,6,5,84,5,4,6,6,75,6,5,4,7,68,,,,,,,,,,,1,MTurk
2022-04-05 08:34:51,2022-04-05 08:37:49,0,,100,177,1,2022-04-05 08:37:49,R_33kY0MWPNlwBlMW,,,,,,,anonymous,EN,1,ALDQRWYZ8KQ9A,44,1,,,,,,,,,,,,,,,,,5,4,5,7,60,7,2,,,,,,,,,,,,,,,,,,,,,6,6,6,7,80,6,5,7,7,75,7,6,6,6,80,,,,,,2,MTurk
2022-04-05 08:35:20,2022-04-05 08:40:18,0,,100,298,1,2022-04-05 08:40:19,R_78o6pwrdnmN57AR,,,,,,,anonymous,EN,1,A1WMOJNU4FFQY8,72,1,,7,7,7,7,78,7,7,7,7,82,6,6,6,6,82,6,6,6,6,76,7,2,,,,,,,,,,,,,,,,,,,,,,,,,,,,,,,,,,,,,,,,,2,MTurk
2022-04-05 08:36:49,2022-04-05 08:40:24,0,,100,214,1,2022-04-05 08:40:24,R_215rmzWt4RJYv7w,,,,,,,anonymous,EN,1,A378KE15XI4U4I,28,2,,4,6,4,6,62,,,,,,5,4,6,5,60,,,,,,1,2,,,,,,4,5,6,5,75,,,,,,6,4,6,4,59,,,,,,,,,,,,,,,,,,,,,2,MTurk
2022-04-05 08:37:02,2022-04-05 08:41:00,0,,100,237,1,2022-04-05 08:41:01,R_2vliyfDgR8mw9hz,,,,,,,anonymous,EN,1,ADGNX85N0ZU4H,38,1,,,,,,,,,,,,,,,,,5,7,6,3,69,7,2,,,,,,,,,,,,,,,,,,,,,5,4,6,6,95,5,7,6,7,86,5,4,6,3,72,,,,,,2,MTurk
2022-04-05 08:38:38,2022-04-05 08:41:54,0,,100,196,1,2022-04-05 08:41:54,R_A5Sao29dEaedMwV,,,,,,,anonymous,EN,1,AC3MQV9HUA6S0,31,1,,,,,,,,,,,,6,6,6,6,91,,,,,,7,3,,,,,,,,,,,,,,,,6,6,6,6,92,6,6,6,6,92,6,6,6,6,92,,,,,,,,,,,1,MTurk
2022-04-05 08:35:09,2022-04-05 08:45:43,0,,100,633,1,2022-04-05 08:45:43,R_9vpEsAMydR8ONcR,,,,,,,anonymous,EN,1,A18WSAKX5YN2FB,43,2,,,,,,,,,,,,,,,,,7,7,7,7,100,7,2,7,7,7,7,96,7,7,7,7,100,7,7,7,6,96,,,,,,,,,,,,,,,,,,,,,,,,,,2,MTurk
2022-04-05 08:43:03,2022-04-05 08:47:21,0,,100,257,1,2022-04-05 08:47:22,R_10vBgTQwM4JHeCl,,,,,,,anonymous,EN,1,A1ZNF81S5LQ6A3,30,2,,,,,,,,,,,,,,,,,,,,,,7,,,,,,,3,4,4,5,67,,,,,,,,,,,3,4,4,5,77,,,,,,3,3,4,5,69,3,5,4,5,78,1,MTurk
2022-04-05 08:35:11,2022-04-05 08:47:30,0,,100,739,1,2022-04-05 08:47:30,R_2dXyWX9uLvDx7x7,,,,,,,anonymous,EN,1,A16KOK0VCZXXH0,23,1,,3,5,3,5,100,3,4,5,4,100,3,4,5,6,90,4,3,5,6,93,7,2,,,,,,,,,,,,,,,,,,,,,,,,,,,,,,,,,,,,,,,,,2,MTurk
2022-04-05 08:43:35,2022-04-05 08:47:33,0,,100,238,1,2022-04-05 08:47:34,R_32PnyKqXka3xFzJ,,,,,,,anonymous,EN,1,A26M997VYVK0E6,34,1,,,,,,,,,,,,,,,,,5,7,7,5,76,7,2,5,6,6,5,72,6,7,7,6,74,5,4,5,7,73,,,,,,,,,,,,,,,,,,,,,,,,,,2,MTurk
2022-04-05 08:45:44,2022-04-05 08:48:39,0,,100,174,1,2022-04-05 08:48:40,R_6sSm1ZGz2btPqG5,,,,,,,anonymous,EN,1,ABE4KQA4DMTWH,36,1,,,,,,,,,,,,,,,,,,,,,,7,5,,,,,,7,6,7,6,69,,,,,,,,,,,7,6,7,6,72,,,,,,,,,,,7,6,7,6,69,2,MTurk
2022-04-05 08:45:47,2022-04-05 08:48:44,0,,100,177,1,2022-04-05 08:48:44,R_ujMncWieUumzK93,,,,,,,anonymous,EN,1,AEJ0ZQQO56KFD,25,1,,,,,,,,,,,,,,,,,7,6,5,7,74,7,2,,,,,,,,,,,,,,,,,,,,,6,7,6,7,73,7,6,5,6,79,7,6,5,6,77,,,,,,2,MTurk
2022-04-05 08:46:48,2022-04-05 08:49:17,0,,100,148,1,2022-04-05 08:49:18,R_297aKBrCtUVgDiF,,,,,,,anonymous,EN,1,A27VFM67RPD2L5,50,2,,7,7,7,7,100,,,,,,7,7,7,7,100,,,,,,7,2,,,,,,7,7,7,7,100,,,,,,7,7,7,7,100,,,,,,,,,,,,,,,,,,,,,2,MTurk
2022-04-05 08:47:21,2022-04-05 08:49:33,0,,100,132,1,2022-04-05 08:49:34,R_2czND1KoaUxEXXs,,,,,,,anonymous,EN,1,A3NRIEMOJVVX4A,39,1,,,,,,,,,,,,,,,,,,,,,,,2,,,,,,5,5,5,5,76,,,,,,,,,,,5,6,6,6,72,,,,,,5,5,5,5,75,6,6,6,6,75,2,MTurk
2022-04-05 08:47:57,2022-04-05 08:51:06,0,,100,188,1,2022-04-05 08:51:06,R_82i9A1vHrcCCvoR,,,,,,,anonymous,EN,1,AG3IR5HRIPKTT,30,1,,,,,,,,,,,,6,5,7,6,86,,,,,,7,2,,,,,,,,,,,,,,,,7,6,7,7,91,7,6,7,7,86,5,7,6,7,88,,,,,,,,,,,2,MTurk
2022-04-05 08:51:17,2022-04-05 08:53:28,0,,100,131,1,2022-04-05 08:53:28,R_1i9BwKHdvea0Ojg,,,,,,,anonymous,EN,1,A1FQCV8LYW9BJV,35,1,,,,,,,,,,,,,,,,,7,7,7,7,84,7,2,,,,,,,,,,,,,,,,,,,,,7,7,7,7,80,7,7,7,7,84,7,7,7,7,94,,,,,,1,MTurk
2022-04-05 08:52:35,2022-04-05 08:54:44,0,,100,128,1,2022-04-05 08:54:44,R_23Vjoq75pdWcQA5,,,,,,,anonymous,EN,1,A3R9G09MWQW6OY,33,2,,,,,,,,,,,,,,,,,7,6,7,7,75,7,3,7,7,7,7,88,7,7,7,7,95,7,7,7,7,88,,,,,,,,,,,,,,,,,,,,,,,,,,1,MTurk
2022-04-05 08:43:26,2022-04-05 08:55:01,0,,100,694,1,2022-04-05 08:55:01,R_33sfFPBY28UcPdg,,,,,,,anonymous,EN,1,A1VZYFJ8170Q1R,56,2,,,,,,,,,,,,5,6,7,5,82,,,,,,7,2,,,,,,,,,,,,,,,,6,5,4,5,65,7,7,7,6,95,7,6,7,7,82,,,,,,,,,,,2,MTurk
2022-04-05 08:53:32,2022-04-05 08:55:01,0,,100,89,1,2022-04-05 08:55:03,R_2cwSh7C6JuQkjDf,,,,,,,anonymous,EN,1,A2H9YO47HFBFVX,23,1,,,,,,,,,,,,,,,,,5,3,5,6,100,7,2,,,,,,,,,,,,,,,,,,,,,3,4,5,6,100,3,4,4,5,100,4,5,4,5,100,,,,,,2,MTurk
2022-04-05 08:47:57,2022-04-05 08:58:26,0,,100,628,1,2022-04-05 08:58:26,R_22nmYeoj7Vc8SU6,,,,,,,anonymous,EN,1,A1GA9DG3ZN914J,69,2,,5,6,5,6,60,6,7,6,6,61,5,6,6,6,62,6,7,6,6,67,7,1,,,,,,,,,,,,,,,,,,,,,,,,,,,,,,,,,,,,,,,,,2,MTurk
2022-04-05 08:52:44,2022-04-05 08:59:04,0,,100,379,1,2022-04-05 08:59:04,R_3lG3Sp3HOvAinMo,,,,,,,anonymous,EN,1,A304UJAE051J89,34,2,,7,7,7,7,100,,,,,,7,7,7,7,100,,,,,,7,2,,,,,,7,7,7,7,100,,,,,,7,7,7,7,100,,,,,,,,,,,,,,,,,,,,,3,MTurk
2022-04-05 08:59:00,2022-04-05 09:00:18,0,,100,77,1,2022-04-05 09:00:18,R_3JqqRVf9PlKIL9k,,,,,,,anonymous,EN,1,A16OWUR4C2AFCI,30,1,,,,,,,,,,,,,,,,,6,7,6,7,100,7,2,6,7,7,5,100,6,7,6,7,88,5,6,7,6,100,,,,,,,,,,,,,,,,,,,,,,,,,,2,MTurk
2022-04-05 08:56:11,2022-04-05 09:00:52,0,,100,281,1,2022-04-05 09:00:54,R_1od6fnpHwpB02BK,,,,,,,anonymous,EN,1,AWDU600NXZ26L,35,2,,,,,,,,,,,,5,5,6,4,65,,,,,,7,5,,,,,,,,,,,,,,,,6,7,6,7,100,7,7,6,7,90,7,7,7,7,90,,,,,,,,,,,3,MTurk
2022-04-05 08:44:39,2022-04-05 09:05:06,0,,100,1227,1,2022-04-05 09:05:07,R_10H40eajG4fKec6,,,,,,,anonymous,EN,1,A1LK57TTXE9S9Y,42,1,,7,7,6,6,84,7,6,6,6,69,6,7,6,5,68,6,6,5,5,77,7,5,,,,,,,,,,,,,,,,,,,,,,,,,,,,,,,,,,,,,,,,,1,MTurk
2022-04-05 08:57:30,2022-04-05 09:05:52,0,,100,502,1,2022-04-05 09:05:53,R_3Rz3TcrYLKim4hK,,,,,,,anonymous,EN,1,A2WW2LUXUQTB4Q,37,1,,6,5,6,5,90,,,,,,7,5,6,6,71,,,,,,7,2,,,,,,6,5,5,5,73,,,,,,3,4,6,5,41,,,,,,,,,,,,,,,,,,,,,2,MTurk
2022-04-05 09:07:52,2022-04-05 09:08:53,0,,100,61,1,2022-04-05 09:08:54,R_syZS5r5uV4Y5obf,,,,,,,anonymous,EN,1,A39LVL4A92K88X,24,1,,,,,,,,,,,,,,,,,6,1,3,2,75,7,2,,,,,,,,,,,,,,,,,,,,,4,3,1,4,65,1,3,5,6,50,4,5,2,6,70,,,,,,2,MTurk
2022-04-05 08:54:14,2022-04-05 09:11:07,0,,100,1013,1,2022-04-05 09:11:11,R_3FIeVJWdDUWYu9K,,,,,,,anonymous,EN,1,A3SXQNCJD6U86L,34,1,,7,7,6,7,96,,,,,,6,7,7,6,94,,,,,,7,2,,,,,,7,7,7,6,95,,,,,,5,6,6,7,85,,,,,,,,,,,,,,,,,,,,,2,MTurk
2022-04-05 09:05:34,2022-04-05 09:16:47,0,,100,673,1,2022-04-05 09:16:47,R_3GdpjUJgVZJq2o1,,,,,,,anonymous,EN,1,A3UR59FPGYDQGD,42,1,,6,4,6,5,41,5,4,5,3,54,5,4,3,6,54,5,3,5,6,46,1,2,,,,,,,,,,,,,,,,,,,,,,,,,,,,,,,,,,,,,,,,,1,MTurk
2022-04-05 09:15:39,2022-04-05 09:17:50,0,,100,130,1,2022-04-05 09:17:50,R_3Rw0NFfnndA8Czy,,,,,,,anonymous,EN,1,A3PJY7THMUIR4M,57,1,,,,,,,,,,,,,,,,,,,,,,,2,,,,,,7,7,7,7,89,,,,,,,,,,,6,6,7,7,75,,,,,,6,6,6,6,70,7,6,7,6,79,2,MTurk
2022-04-05 09:15:33,2022-04-05 09:18:48,0,,100,194,1,2022-04-05 09:18:48,R_1mdOITp8i7oEd8q,,,,,,,anonymous,EN,1,A27BN3L3PUVO39,32,1,,,,,,,,,,,,,,,,,6,5,6,6,87,1,3,7,5,5,6,84,6,6,6,6,91,6,6,6,6,93,,,,,,,,,,,,,,,,,,,,,,,,,,1,MTurk
2022-04-05 09:16:23,2022-04-05 09:19:56,0,,100,212,1,2022-04-05 09:19:56,R_1F2PNQtCecKqYPM,,,,,,,anonymous,EN,1,A27V2X7J8UB0D6,28,1,,,,,,,,,,,,,,,,,5,5,4,6,66,7,5,5,4,5,4,66,5,4,5,4,68,5,4,5,5,59,,,,,,,,,,,,,,,,,,,,,,,,,,1,MTurk
2022-04-05 09:18:14,2022-04-05 09:20:43,0,,100,149,1,2022-04-05 09:20:44,R_3NIAQcsePfjAO8r,,,,,,,anonymous,EN,1,A1IXE3TKJAPMX6,42,1,,,,,,,,,,,,,,,,,,,,,,7,5,,,,,,7,6,7,7,96,,,,,,,,,,,6,7,6,7,92,,,,,,6,7,6,7,98,,,,,,3,MTurk
2022-04-05 09:21:03,2022-04-05 09:23:25,0,,100,142,1,2022-04-05 09:23:26,R_Rz4Y9IaKMZt2STD,,,,,,,anonymous,EN,1,AFYPTDEBIAO58,32,1,,6,5,6,5,63,6,7,6,7,77,6,5,6,5,80,4,2,4,3,38,7,2,,,,,,,,,,,,,,,,,,,,,,,,,,,,,,,,,,,,,,,,,2,MTurk
2022-04-05 09:20:03,2022-04-05 09:24:03,0,,100,239,1,2022-04-05 09:24:04,R_O2lmcJVNXHoFuoh,,,,,,,anonymous,EN,1,A2SMITD42MLB7Y,25,2,,,,,,,,,,,,7,6,7,7,100,,,,,,7,5,,,,,,,,,,,,,,,,7,6,7,7,100,7,7,7,6,100,7,6,7,7,100,,,,,,,,,,,2,MTurk
2022-04-05 09:24:05,2022-04-05 09:25:45,0,,100,100,1,2022-04-05 09:25:45,R_2wLCktgeI1i5dKM,,,,,,,anonymous,EN,1,ARNR1RWL7A9Y6,40,1,,,,,,,,,,,,,,,,,6,6,4,6,49,1,2,,,,,,,,,,,,,,,,,,,,,6,7,3,5,76,7,6,4,6,83,6,4,2,6,83,,,,,,1,MTurk
2022-04-05 09:24:04,2022-04-05 09:26:37,0,,100,153,1,2022-04-05 09:26:38,R_3fCr0bUuAhj5JxO,,,,,,,anonymous,EN,1,A1KI6JFFI8HC2D,32,1,,6,7,6,5,74,6,7,6,7,84,6,5,6,5,70,3,4,3,4,40,7,2,,,,,,,,,,,,,,,,,,,,,,,,,,,,,,,,,,,,,,,,,2,MTurk
2022-04-05 09:25:29,2022-04-05 09:29:52,0,,100,263,1,2022-04-05 09:29:53,R_1luI5qCpoIap15k,,,,,,,anonymous,EN,1,A2PLSAMO5QLQYY,28,2,,,,,,,,,,,,,,,,,4,5,6,7,82,1,1,4,5,6,7,100,4,5,6,7,84,4,5,6,7,100,,,,,,,,,,,,,,,,,,,,,,,,,,2,MTurk
2022-04-05 09:27:54,2022-04-05 09:30:01,0,,100,127,1,2022-04-05 09:30:02,R_3KvIwfVS9moNavt,,,,,,,anonymous,EN,1,A2YO837C0O1E91,32,2,,7,7,7,7,99,,,,,,7,7,6,4,81,,,,,,7,2,,,,,,7,7,7,7,93,,,,,,7,7,7,7,100,,,,,,,,,,,,,,,,,,,,,2,MTurk
2022-04-05 09:28:51,2022-04-05 09:31:56,0,,100,185,1,2022-04-05 09:31:57,R_5uQ1aTIixL2mn5f,,,,,,,anonymous,EN,1,AROOCBM042SJD,37,2,,,,,,,,,,,,,,,,,7,7,7,7,94,7,5,,,,,,,,,,,,,,,,,,,,,7,7,7,7,93,7,7,7,6,100,5,7,6,6,98,,,,,,2,MTurk
2022-04-05 09:31:32,2022-04-05 09:33:25,0,,100,113,1,2022-04-05 09:33:25,R_2vk5pJwKjeQE8hy,,,,,,,anonymous,EN,1,A20KIJRVCQSC5L,53,1,,,,,,,,,,,,4,5,4,6,74,,,,,,7,2,,,,,,,,,,,,,,,,5,6,5,5,78,4,5,6,6,84,6,4,5,4,79,,,,,,,,,,,1,MTurk
2022-04-05 09:35:45,2022-04-05 09:39:48,0,,100,242,1,2022-04-05 09:39:48,R_1rGr5PmaltBVAPS,,,,,,,anonymous,EN,1,A13FUEPWBCLBUY,38,1,,,,,,,,,,,,,,,,,,,,,,7,2,,,,,,,,,,,,,,,,,,,,,7,7,7,7,100,,,,,,7,7,7,7,97,7,7,7,7,100,3,MTurk
2022-04-05 09:38:02,2022-04-05 09:40:34,0,,100,151,1,2022-04-05 09:40:34,R_3hs985r0pnDKZdo,,,,,,,anonymous,EN,1,A1SEVTXYQZVVKX,35,2,,,,,,,,,,,,6,6,6,6,81,,,,,,7,2,,,,,,,,,,,,,,,,6,6,6,6,82,6,6,6,6,82,6,6,6,6,81,,,,,,,,,,,2,MTurk
2022-04-05 09:31:40,2022-04-05 09:42:57,0,,100,676,1,2022-04-05 09:42:57,R_23frb4IOUUvLZrV,,,,,,,anonymous,EN,1,A2B0OZDQ6ZR0MS,29,1,,,,,,,,,,,,,,,,,4,5,5,5,53,7,2,4,5,5,5,56,4,4,5,5,63,4,4,5,5,55,,,,,,,,,,,,,,,,,,,,,,,,,,2,MTurk
2022-04-05 09:43:10,2022-04-05 09:46:31,0,,100,201,1,2022-04-05 09:46:32,R_2zr5AwWsFLJ13uX,,,,,,,anonymous,EN,1,AWIHHIG655I6R,30,1,,,,,,,,,,,,,,,,,,,,,,7,2,,,,,,2,3,4,5,75,,,,,,,,,,,2,3,4,5,71,,,,,,2,3,4,6,75,2,3,4,5,71,1,MTurk
2022-04-05 09:51:59,2022-04-05 09:56:23,0,,100,264,1,2022-04-05 09:56:23,R_31Wo3NPuGkYa7pp,,,,,,,anonymous,EN,1,ABXOKWQTDH565,28,2,,7,7,7,7,83,,,,,,7,7,7,7,88,,,,,,7,5,,,,,,6,5,6,6,82,,,,,,6,6,7,6,92,,,,,,,,,,,,,,,,,,,,,2,MTurk
2022-04-05 09:54:56,2022-04-05 09:56:38,0,,100,101,1,2022-04-05 09:56:38,R_27j89nB3AnW7wH3,,,,,,,anonymous,EN,1,A2BZY06YRWGEDL,33,1,,7,7,7,7,100,7,7,6,7,99,7,7,6,6,95,7,7,7,7,100,7,2,,,,,,,,,,,,,,,,,,,,,,,,,,,,,,,,,,,,,,,,,2,MTurk
2022-04-05 09:55:52,2022-04-05 09:58:08,0,,100,136,1,2022-04-05 09:58:09,R_1oASpdarFSPmgFl,,,,,,,anonymous,EN,1,A3914P24XPNPY3,34,2,,,,,,,,,,,,,,,,,4,5,5,6,48,7,5,,,,,,,,,,,,,,,,,,,,,5,6,6,6,59,5,6,6,6,74,5,4,4,5,50,,,,,,2,MTurk
2022-04-05 10:10:24,2022-04-05 10:12:59,0,,100,155,1,2022-04-05 10:12:59,R_21oCxGGmcPzAVNf,,,,,,,anonymous,EN,1,A2SVUFIX1OXB1D,25,1,,,,,,,,,,,,,,,,,,,,,,,3,,,,,,5,5,7,6,90,,,,,,,,,,,6,6,5,5,77,,,,,,5,6,5,6,82,5,6,5,6,86,2,MTurk
2022-04-05 10:04:01,2022-04-05 10:15:15,0,,100,673,1,2022-04-05 10:15:15,R_2DV6mT5T97a7JQv,,,,,,,anonymous,EN,1,A2PMMAF9AU4ZPV,29,2,,7,7,7,5,94,,,,,,7,7,6,4,96,,,,,,7,2,,,,,,7,7,7,4,95,,,,,,7,7,6,4,97,,,,,,,,,,,,,,,,,,,,,1,MTurk
2022-04-05 10:12:00,2022-04-05 10:20:09,0,,100,488,1,2022-04-05 10:20:09,R_11jR9xGxAKOwdpK,,,,,,,anonymous,EN,1,AK4ZRSQMRTXTJ,25,1,,,,,,,,,,,,,,,,,4,5,6,6,82,7,5,4,6,5,6,83,5,4,5,5,93,4,3,6,4,69,,,,,,,,,,,,,,,,,,,,,,,,,,1,MTurk
2022-04-05 10:16:10,2022-04-05 10:24:42,0,,100,511,1,2022-04-05 10:24:42,R_89chuNpxzxNxQqJ,,,,,,,anonymous,EN,1,A3IZZUD5UVQEVO,54,1,,,,,,,,,,,,5,7,4,4,65,,,,,,7,2,,,,,,,,,,,,,,,,5,7,6,5,66,7,4,4,3,90,7,6,7,7,88,,,,,,,,,,,1,MTurk
2022-04-05 10:41:00,2022-04-05 10:43:24,0,,100,143,1,2022-04-05 10:43:25,R_1OGZWLO2ATwBmjj,,,,,,,anonymous,EN,1,A1L7IMKHFRJJT9,47,1,,,,,,,,,,,,,,,,,4,3,4,5,58,2,2,,,,,,,,,,,,,,,,,,,,,4,3,4,5,61,5,4,3,5,63,4,3,4,5,59,,,,,,2,MTurk
